la_frac,0.25,0,0.25,0,0.25,0,0.25,0,0,0,0,0,0,,,,,,,
nit_frac,0.33,0,0.27,0,0.22,0,0.18,0,0,0,0,0.33,0.27,0.22,0.18,,,,,
ht,1.2,1.05,0.9,0.75,0.6,0.45,0.3,0.15,0.1,0.1,0.1,0.1,,,,,,,,
c3,1,1,1,1,1,1,1,1,1,1,,,,,,,,,,
AVN,1.4,Based on % difference between N folior Wheat to Barley Weigel et al 2012,,,2.87,Ollie provided default,,average foliar N (g N m-2 leaf area),,,,,,,,,,,,
GPLANT,60,,,"stem conductivity (or conductance if CONDUCTIVITY=0, see below)",,,,,,,,,,,,,,,,
MINLWP,-2.5,,,minimum leaf water potential (Johnson87),,,,,,,,,,,,,,,,
IOTA,1.007,,,stomatal efficiency parameter,,,,,,,,,,,totLAI,cumLAI,Nl,Nfrac,,
CAPAC,8000,,,leaf capacitance,,,,,,,,,,,3.2,0.8,0.165466325,0.328972648,,
LAT,49.74,,,,,,,,,,,,,,,,,,,
OUTT,1,,,,,,,,,,,,,,,,,,,
DIMEN,0.013,0.013,,,,"characteristic dimension of leaf (i.e. ~width of leaf, m); from Adiku06",,,,,,,,,,,,3.2,0.090946161,0.180815036
ROOTRESIST,10,,,root resistivity,,,,,,,,,,,,,0.502978973,1,,
TOWERHT,2.8,,,height of tower with sensors,,,,,,,,,,,,,,,,
CONDUCTIVITY,0,,,Is tree conductivity defined (=1) or is tree conductance defined (=0)?,,,,,,,,,,,,,,,,
KappaC,68,,,"Rate coefficient for Vcmax (Wullschleger, mean value at 25C)",,,,,,,,,,,,,,,,
KappaJ,169,,,"Rate coefficient for Jmax (Wullschleger, mean value at 25C)",,,,,,,,,,,,,,,,
LCA,15,,,"Leaf carbon per area (Penning de Vries p 100, Dreccer00, Ellen93)",,,,,,,,,,,,,,,,
Max_depth,1.5,,,Maximum root depth (m),,,,,,,,,,,,,,,,
root_k,10,,,Root biomass to reach 50% of max depth (g m-2),,,,,,,,,,,,,,,,
decomp_rate,0.000023,theta(1),,decomposition rate (/hr),,,,,,,,,,,,,,,,
gpp_resp,0.32,theta(2),,"fraction of gpp respired (from Moureaux06 (0.46), see also Monje98 (0.44))",,,,,,,,,,,,,,,,
turn_foliage,0.00625,theta(5),,"turnover rate of foliage (/hr), from Penning de Vries p 209 (AR: was 0.0005)",,,,,,,,,,,,,,,,
turn_wood,8.50E-03,theta(6),,"rate of translocation of remobilizable carbohydrates from stems, Penning de Vries p 47 (rate chosen without experimental basis!) (/hr)",,,,,,,,,,,,,,,,
min_litter,0.00028,,,,0.00028,theta(8),,mineralisation rate of litter (/hr),,,,,,,,,,,,
min_SOM,2.28E-06,theta(9),,mineralisation rate of SOM/CWD (/hr) ORIGINALY: 0.00000228,,,,,,,,,,,,,,,,
turn_lab,0.005,theta(13),,turnover rate of labile pool (/hr),,,,,,,,,,,,,,,,
cost_lab,0.129,theta(14),,respiratory cost of labile transfers (Goudriaan p 52),,,,,,,,,,,,,,,,
turn_auto,0.07,theta(16),,turnover rate of autotrophic respiration pool (/hr),,,,,,,,,,,,,,,,
Cf,0,,,,foliar C initial,,gC/m2,,,,,,,,,,,,,
Cw,0,,,,Wood C initial,,gC/m2,,,,,,,,,,,,,
Cr,0,,,,Fine root C intitial,,gC/m2,,,,,,,,,,,,,
Clit,0,,,litter  C initial,,gC/m2,,,,,,,,,,,,,,
Csom,7200,,,SOM C initial,,gC/m2,"from Anthoni04, for 0-28 cm soil layer, see also Robertson00: 940 for 0-7.5 cm layer under conventional tillage",,,,,,,,,,,,,
Clab,5,,,Labile C initial,,gC/m2,"from agricultural notebook, see also Aubinet08: 150 kg ha-1",,,,,,,,,,,,,
Caresp,0,,,Autotrophic respiration initial C,,,,,,,,,,,,,,,,
through_fall,0.7,,,fraction of precip that penetrates canopy,,,,,,,,,,,,,,,,
max_storage,1,,,water retained by canopy (mm),,,,,,,,,,,,,,,,
PHUem,133,,,"temperature sum at emergence (Wang and Engel, 98, p 3)",,,,,,,,,,,,,,,,
lv_res,0.1,,,fraction of leaf biomass remaining on field after harvest,,,,,,,,,,,,,,,,
st_res,0.3,,,fraction of stem biomass remaining on field after harvest,,,,,,,,,,,,,,,,
DR_pre,0.032,,,"development rate before flowering, Penning de Vries p76",,,,,,,,,,,,,,,,
DR_post,0.021,,,"development rate after flowering, Penning de Vries p 82",,,,,,,,,,,,,,,,
tmin,0,,,"minimum temperature for development (Li08, Streck03)",,,,,,,,,,,,,,,,
topt,19,,,"optimal temperature for development (Li08, Streck03)",,,,,,,,,,,,,,,,
tmax,30,,,"maximum temperature for development (Li08, Streck03)",,,,,,,,,,,,,,,,
tmin_v,-1.3,,,"cardinal temperature for vernalization: minimum temperature, from: Streck, 2003 p 142",,,,,,,,,,,,,,,,
topt_v,4.9,,,"cardinal temperature for vernalization: optimum temperature, from: Streck, 2003 p 142",,,,,,,,,,,,,,,,
tmax_v,15.7,,,"cardinal temperature for vernalization: maximum temperature, from: Streck, 2003 p 142",,,,,,,,,,,,,,,,
VDh,22.5,,,"effective vernalization days when plants are 50% vernalized (Streck et al., 2003)",,,,,,,,,,,,,,,,
LAICR,4,,,critical LAI above with leaf senescence due to shading starts taking (potential) effect,,,,,,,,,,,,,,,,
RDRSHMAX,0.003,,,maximum leaf death rate due to shading (/hr) (AR: was 0.00125),,,,,,,,,,,,,,,,
PHCR,8.25,,7 (Karl),"critical photoperiod below which no development occurs (Streck 03, p 142)",,,,,,,,,,,,,,,,
PHSC,0.25,,0.16 (Karl),"photoperiod sensitivity factor (Streck 03, p 142)",,,,,,,,,,,,,,,,
