"doy","NEE_gCm2day","NEE_unc_gCm2day","GPP_gCm2day","GPP_unc_gCm2day","Reco_gCm2day","Reco_unc_gCm2day","Evap_kgH2Om2day","Evap_unc_kgH2Om2day","LAI_m2m2","LAI_unc_m2m2","Cwood_stock_gCm2","Cwood_stock_unc_gCm2","Evap_obs_unc_kgH2Om2day","Evap_mod_unc_kgH2Om2day","LAI_obs_unc_m2m2","LAI_mod_unc_m2m2","NEE_obs_unc_gCm2day","NEE_mod_unc_gCm2day","Cwood_stock_obs_unc_gCm2","Cwood_stock_mod_unc_gCm2"
31,0.76037654096554,1.18820145832941,0.166988950501224,1.09145610328221,0.698152164739408,1.00136023519995,0.0348263256273402,0.133806898599187,-9999,-9999,-9999,-9999,0.100814223040227,0.0879816943774588,-9999,0.261316540235294,0.641734139325722,1,-9999,545.5
59,0.225227547244486,1.18624884388657,0.138205930058182,1.10541239178866,0.283819819208826,1.00134961678702,0.0492371331025027,0.131721822286991,-9999,-9999,-9999,-9999,0.0980298929973763,0.0879816943774588,-9999,0.261316540235294,0.638111526006407,1,-9999,545.5
90,0.281066496140896,1.20157614213293,0.558195240526125,1.33072971077143,0.598017045407377,1.00073272675592,0.264254137643555,0.147537352313297,-9999,-9999,-9999,-9999,0.118433490964716,0.0879816943774588,-9999,0.261316540235294,0.666172068870386,1,-9999,545.5
120,-1.30128987671438,1.16764497182505,2.51353438699397,1.42674400008525,1.09919090160511,1.00006191826917,0.558313661776977,0.118691599233604,1.183333395,0.297645062693041,-9999,-9999,0.0796675415906745,0.0879816943774588,0.142499997,0.261316540235294,0.602822345495191,1,-9999,545.5
151,-1.60719582142497,1.18390988358141,4.13387974970159,1.51106568362089,2.27066577575262,1.0001496486924,0.942608642017305,0.156323188029761,1.288888956,0.333162788112308,-9999,-9999,0.129213623779613,0.0879816943774588,0.206666662,0.261316540235294,0.633752800736806,1,-9999,545.5
181,-2.60767567197884,1.28835946659851,8.40054698919518,1.25832728967846,5.81210223461146,1.00629300419879,1.67340375861833,0.282546282225537,3.588889076,0.685125847677709,-9999,-9999,0.268498832500151,0.0879816943774588,0.633333319,0.261316540235294,0.81232389794588,1,-9999,545.5
212,-2.0308526966987,1.23387984924613,8.16427376915292,1.52250599796732,5.77965534044918,1.00061934099651,1.833343019951,0.252612387884809,3.977777985,0.637669530851286,-9999,-9999,0.236795776920402,0.0879816943774588,0.581666654,0.261316540235294,0.722813587569892,1,-9999,545.5
243,-1.01467693513663,1.2004237725257,6.52106446841557,1.57747020501576,4.53341478210694,1.00023993347375,1.1795570221482,0.184828338643056,3.355555731,0.57305001786977,-9999,-9999,0.162544566873284,0.0879816943774588,0.509999989,0.261316540235294,0.664091284120512,1,-9999,545.5
273,-0.0874884539546118,1.26764883523357,4.64812404142532,1.62092141461143,4.13536033131235,1.00062086441785,0.695887960454233,0.212467648878189,2.566666801,0.531943702286968,-9999,-9999,0.193395251426442,0.0879816943774588,0.463333323,0.261316540235294,0.779059413311349,1,-9999,545.5
304,0.99140283692129,1.15602768132947,1.34294155496883,1.69048763015474,2.12112460567742,1,0.134103932861895,0.0889978493763689,1.400000073,0.396596908963538,-9999,-9999,0.0134103932861895,0.0879816943774588,0.298333327,0.261316540235294,0.58,1,-9999,545.5
334,0.861254936215526,1.17175487739087,0.44558324116422,1.48488523258999,1.09357299375652,1.00008396602727,0.0386321974603106,0.110136119529882,-9999,-9999,-9999,-9999,0.0662509341788625,0.0879816943774588,-9999,0.261316540235294,0.610745030834714,1,-9999,545.5
365,0.747079709055687,1.20512931660815,0.336891216334886,1.18641555984652,0.712895882913001,1.00026593191774,0.0187976530036056,0.14710502052425,-9999,-9999,-9999,-9999,0.117894480438702,0.0879816943774588,-9999,0.261316540235294,0.672559788976726,1,-9999,545.5
31,0.779414569398261,1.33023464051439,-9999,1.11569835134702,0.292148197001739,1.15979662711485,0.020536036309792,0.467811577819674,-9999,-9999,-9999,-9999,0.45946370237115,0.0879816943774588,-9999,0.261316540235294,0.87722528396328,1,-9999,545.5
60,-9999,1.00549655812763,-9999,1.05800999348442,-9999,1.25806155531318,-9999,-9999,-9999,-9999,-9999,-9999,-9999,0.0879816943774588,-9999,0.261316540235294,1.00549655812763,1,-9999,545.5
91,0.54813612432012,1.24856844645388,0.512983223710591,1.41958244410631,0.911526559090676,1.00191622887799,0.223225712269463,0.190596034434373,-9999,-9999,-9999,-9999,0.169074154726795,0.0879816943774588,-9999,0.261316540235294,0.747611640813771,1,-9999,545.5
121,-0.436116320997075,1.17245376549074,2.30850365868687,1.54115670911333,1.60122431318762,1.00008773585487,0.340069609142191,0.116097055313726,1.233333398,0.296456292496118,-9999,-9999,0.0757479221298503,0.0879816943774588,0.139999997,0.261316540235294,0.612084824361315,1,-9999,545.5
152,-1.81312737006659,1.20522039277902,5.2285721807579,1.33258858833868,3.23057832799805,1.00110941802882,1.14990465871937,0.189050587618885,1.655555642,0.427499442903457,-9999,-9999,0.167330051495591,0.0879816943774588,0.338333326,0.261316540235294,0.672722970598165,1,-9999,545.5
182,-2.74587200240328,1.24820769371168,7.89390203741422,1.47607766913718,4.79540920274672,1.00070125143269,1.47479140668254,0.237403962362616,2.833333481,0.709849501232863,-9999,-9999,0.220499121993585,0.0879816943774588,0.659999985,0.261316540235294,0.747009000374849,1,-9999,545.5
213,-1.84425106732949,1.17545715641744,8.76672391427572,1.72993995807984,5.53331298314898,1.00010389956475,2.21237580911348,0.249206244691522,2.944444598,0.791073587236211,-9999,-9999,0.233158688124037,0.0879816943774588,0.74666665,0.261316540235294,0.61781836050167,1,-9999,545.5
244,-1.64549119583963,1.24596294479484,8.07364626339226,1.70162459361855,5.12876155494884,1.00049581531627,1.93102223827518,0.266542542714294,3.611111299,0.54945194086723,-9999,-9999,0.251603156838448,0.0879816943774588,0.483333323,0.261316540235294,0.743252083617558,1,-9999,545.5
274,-0.869883576782665,1.18020278256716,4.97948351916427,1.38084635766055,3.75945305600462,1.00032246329937,1.05248932295921,0.160684697022671,2.255555673,0.504601265323522,-9999,-9999,0.134457403335551,0.0879816943774588,0.431666657,0.261316540235294,0.626800293537954,1,-9999,545.5
305,0.827244500744681,1.1607686377013,1.63865525198157,1.46443358986913,2.19087418256535,1.00073111638993,0.270333487566141,0.101970841192671,1.57777786,0.761256403139274,-9999,-9999,0.0515487527299381,0.0879816943774588,0.714999984,0.261316540235294,0.589392764013038,1,-9999,545.5
335,0.842635055022261,1.17147516956487,0.23941697526656,1.48119288519147,1.07547478788522,1.00008246667316,0.120801190475654,0.110399415573102,-9999,-9999,-9999,-9999,0.0666877231081853,0.0879816943774588,-9999,0.261316540235294,0.610208220943513,1,-9999,545.5
366,0.871823256387097,1.19613757053997,0.0781681693754303,1.37236736890809,0.88797248784,1.00021661627577,0.0848652876527601,0.138568038314071,-9999,-9999,-9999,-9999,0.107052896722514,0.0879816943774588,-9999,0.261316540235294,0.656311730549792,1,-9999,545.5
31,0.508037640692879,1.20401614871852,0.124632681541871,1.40048229452999,0.547829939028677,1.00110248184717,0.0544689709532295,0.148773123138974,-9999,-9999,-9999,-9999,0.119969427868085,0.0879816943774588,-9999,0.261316540235294,0.670563111403384,1,-9999,545.5
59,0.508663472779371,1.26619800831116,0.246675447965684,1.32722299799101,0.575766250552547,1.00464728562834,0.131873024253715,0.20898619816696,-9999,-9999,-9999,-9999,0.189563848026862,0.0879816943774588,-9999,0.261316540235294,0.776696463395539,1,-9999,545.5
90,0.550630390822053,1.19698876717754,0.344552920890221,1.31600633261076,0.777640060275079,1.00022110752629,0.231945752457039,0.140849388075868,-9999,-9999,-9999,-9999,0.109989870332762,0.0879816943774588,-9999,0.261316540235294,0.657861770244487,1,-9999,545.5
120,-0.287551729532443,1.16026464345838,1.7799382257499,1.56820175536994,1.33779585084431,1.00021518560392,0.451276323508001,0.10542044107781,1.044444499,0.530492634692289,-9999,-9999,0.0580748728066746,0.0879816943774588,0.461666656,0.261316540235294,0.588399560553538,1,-9999,545.5
151,-2.11972197548987,1.17369196689659,5.20358153655569,1.61631317880643,2.54825361056681,1.00028716857674,1.35263270345374,0.176560147033219,1.533333413,0.36628419167285,-9999,-9999,0.153077454169004,0.0879816943774588,0.256666661,0.261316540235294,0.614453279881868,1,-9999,545.5
181,-2.27228455206634,1.22185380001116,7.24313671637798,1.53115099148083,4.56757416558447,1.00035911453121,1.87990568249868,0.248765667515608,2.755555699,0.674355812351882,4610,858.568139404206,0.232687728058352,0.0879816943774588,0.621666653,0.261316540235294,0.70208739384903,1,663,545.5
212,-2.80129623178961,1.17374708498989,9.1838918011941,1.47562936699989,5.79450355077962,1.00009468251441,2.56889574252569,0.280472967448725,3.733333528,0.648329208676245,-9999,-9999,0.266316178487085,0.0879816943774588,0.59333332,0.261316540235294,0.614558556626021,1,-9999,545.5
243,-1.95216910958354,1.19415129246773,8.08185676507345,1.7137963867635,5.03471647509832,1.00020552545004,2.03615606570218,0.244824083224251,2.788889034,0.56712500142041,-9999,-9999,0.228468932638699,0.0879816943774588,0.503333322,0.261316540235294,0.652684693632647,1,-9999,545.5
273,0.00736187212646808,1.15804694500394,3.76287113101092,1.59742053711454,3.34705314990638,1.00001071738696,0.605427310128578,0.109380037372259,1.855555652,0.465307776928931,-9999,-9999,0.0649862603173028,0.0879816943774588,0.384999991,0.261316540235294,0.584014320743047,1,-9999,545.5
304,1.00120034226521,1.18022210147014,1.28693020531434,1.55766199877761,2.15555666913873,1.0006160035263,0.203310121171433,0.123911139763055,1.400000073,0.384216659654549,-9999,-9999,0.0872536074431928,0.0879816943774588,0.28166666,0.261316540235294,0.626836668358345,1,-9999,545.5
334,0.577760191632,1.15652817720061,0.403480968177522,1.44355644557091,0.854232109714286,1.00048904883983,0.117083778582305,0.0918443787832727,3.000000156,0.279796951020815,-9999,-9999,0.026355480806783,0.0879816943774588,0.099999998,0.261316540235294,0.580996923106273,1,-9999,545.5
365,0.547582145352585,1.20426839871107,0.0676692859454388,1.29406009857812,0.534264136821659,1.00294152928457,0.0399378357546419,0.15482602157291,-9999,-9999,-9999,-9999,0.127398266905663,0.0879816943774588,-9999,0.261316540235294,0.671015928375858,1,-9999,545.5
31,0.721623955399637,1.19394036932858,0.123538250850959,1.38584293690496,0.701984036382844,1.00114366050547,0.0672968232334956,0.139171890738738,-9999,-9999,-9999,-9999,0.107833374361867,0.0879816943774588,-9999,0.261316540235294,0.652298708807911,1,-9999,545.5
59,0.604578991851851,1.17568275055337,0.286250260440979,1.37279398086729,0.738807186846776,1.00010532714063,0.145518250756356,0.116209761593138,-9999,-9999,-9999,-9999,0.0759205515259569,0.0879816943774588,-9999,0.261316540235294,0.618247466593058,1,-9999,545.5
90,0.450382558479812,1.21123037364095,0.737033376450871,1.43052147875835,0.881390266065803,1.0002997942727,0.230688875157274,0.154809704136859,-9999,-9999,-9999,-9999,0.127378435967055,0.0879816943774588,-9999,0.261316540235294,0.683431794717225,1,-9999,545.5
120,-0.635206855362057,1.24328054398812,2.46606470059643,1.5510391451892,1.68643867466755,1.00048050479787,0.464569804723575,0.187396232670309,1.200000063,0.290762073585164,-9999,-9999,0.165458663942074,0.0879816943774588,0.127499997,0.261316540235294,0.738746581081355,1,-9999,545.5
151,-2.23444374377245,1.2653977242929,6.02436104115878,1.44187816721543,3.34229044821841,1.0008003005238,1.55783437810111,0.253099194517973,2.255555673,0.508885157512085,-9999,-9999,0.237315030539825,0.0879816943774588,0.436666657,0.261316540235294,0.775391127525752,1,-9999,545.5
181,-2.99633992060161,1.23776750971116,8.44520420974424,1.43628133658752,5.20132297645174,1.00044908428776,2.2658173762051,0.287466576623194,3.266666837,0.730038188923086,-9999,-9999,0.273671800026839,0.0879816943774588,0.681666651,0.261316540235294,0.729430194121798,1,-9999,545.5
212,-2.63108407568631,1.23853228896246,8.63017419490216,1.47210347750425,5.79758193826586,1.00093977167511,2.63704483397051,0.318642001802597,3.955555762,0.631594267905072,-9999,-9999,0.306254708971532,0.0879816943774588,0.574999987,0.261316540235294,0.730727193145703,1,-9999,545.5
243,-1.49638188866886,1.21624175003585,7.79203131032909,1.23963810736819,5.69128736189021,1.0113893599629,2.14682303378999,0.285051457126725,2.966666821,0.588678665776622,-9999,-9999,0.271133831648764,0.0879816943774588,0.527499988,0.261316540235294,0.692274508074847,1,-9999,545.5
273,-0.437997982001467,1.17383199390751,4.80290508676272,1.58957877081975,3.42104362283199,1.00028780497099,1.08323206504848,0.156838932501818,2.388889013,0.516053607002746,-9999,-9999,0.129837098715202,0.0879816943774588,0.44499999,0.261316540235294,0.614720708875895,1,-9999,545.5
304,0.168321046574544,1.20657613354703,1.26907897457123,1.55142348929812,1.30467312434198,1.00027398216033,0.263067554166464,0.150911953541609,1.866666764,0.542135890483691,-9999,-9999,0.122611741591971,0.0879816943774588,0.474999989,0.261316540235294,0.675148847325765,1,-9999,545.5
334,0.621475307791183,1.18957649072728,0.122871696052496,1.31252277366226,0.663289489883398,1.00066711004389,0.113222925133368,0.133460093852348,-9999,-9999,-9999,-9999,0.100353465837255,0.0879816943774588,-9999,0.261316540235294,0.644276514620114,1,-9999,545.5
365,0.421240219904568,1.22821845937997,0.0639308389130421,1.13992203302837,0.347737490842682,1.00211454348539,0.0345005698401233,0.173412372680325,-9999,-9999,-9999,-9999,0.149435847282676,0.0879816943774588,-9999,0.261316540235294,0.713106292190514,1,-9999,545.5
31,0.521721859306919,1.27887686276916,0.189102662354445,1.22520713558229,0.45184186552768,1.00152901257859,0.09756034152857,0.21143690439103,-9999,-9999,-9999,-9999,0.192262284374583,0.0879816943774588,-9999,0.261316540235294,0.79719886485512,1,-9999,545.5
59,0.387421416902399,1.2090862652296,0.282543978905631,1.35714486207609,0.515740553839068,1.00048047491469,0.0865764531823502,0.15173413837572,-9999,-9999,-9999,-9999,0.12362228845598,0.0879816943774588,-9999,0.261316540235294,0.679624599883549,1,-9999,545.5
90,0.478382332135203,1.16190878278447,0.669300671520954,1.69548906970818,0.858340040546424,1.00003126684301,0.222657266421075,0.0993271376980106,-9999,-9999,-9999,-9999,0.0460988257741018,0.0879816943774588,-9999,0.261316540235294,0.591635039117602,1,-9999,545.5
120,-0.0772022886862979,1.16608903354967,1.52717203317671,1.62328587153158,1.2378852922366,1.00005358578621,0.427750689025278,0.111173035502362,1.400000073,0.329068887317753,-9999,-9999,0.0679607627773623,0.0879816943774588,0.199999996,0.261316540235294,0.599802996128571,1,-9999,545.5
151,-1.33971353617066,1.17023276776215,4.57229942864978,1.68264900933956,2.7706935975934,1.00007581921625,1.40890210115529,0.177654615958279,1.866666764,0.480587249570183,-9999,-9999,0.154338537072745,0.0879816943774588,0.403333324,0.261316540235294,0.607819653140857,1,-9999,545.5
181,-3.26853800736742,1.26472049271142,7.70435800800312,1.42796078907773,4.31085888433006,1.00058843619994,2.1166739159246,0.290046513070567,3.200000167,0.811555554892023,4860,858.568139404206,0.276380536939319,0.0879816943774588,0.768333316,0.261316540235294,0.77428542843335,1,663,545.5
212,-2.01696145412337,1.2657999248387,7.71132773948317,1.35380264024224,5.66921609386473,1.00275273152802,2.36924319903372,0.312860581378532,4.144444661,0.692836507763147,-9999,-9999,0.300234849467853,0.0879816943774588,0.641666652,0.261316540235294,0.776047324408541,1,-9999,545.5
243,-0.855257455436309,1.20247261722299,7.27598145920558,1.5893731301772,5.91095030922144,1.00025126992956,1.85542919002968,0.235159168840522,3.588889076,0.64680426905886,-9999,-9999,0.218080389178478,0.0879816943774588,0.591666653,0.261316540235294,0.6677876871964,1,-9999,545.5
273,-0.403484214285543,1.20382072393256,3.85584251541138,1.38846744411408,3.15638250955184,1.00197856334285,0.844406583754509,0.173249923471448,3.322222395,0.533396030075725,-9999,-9999,0.149247302948274,0.0879816943774588,0.46499999,0.261316540235294,0.670212156984267,1,-9999,545.5
304,0.612589261560364,1.16612437688751,1.25843676020641,1.40646062552277,1.71344138548529,1.00024644572042,0.214849829210659,0.105678331939047,1.111111169,0.719156668675571,-9999,-9999,0.0585417056113921,0.0879816943774588,0.669999985,0.261316540235294,0.599871704926381,1,-9999,545.5
334,0.895367264764625,1.20174546790467,0.205448506716309,1.55587072447147,1.08201734059448,1.00044029080999,0.0177673467455361,0.144757252694909,-9999,-9999,-9999,-9999,0.114951657936061,0.0879816943774588,-9999,0.261316540235294,0.666477433698558,1,-9999,545.5
365,0.752064224980645,1.15602768132947,0.187518703491513,1.36885352551909,0.804045444387097,1,0.0980904304016125,0.0885268087693909,-9999,-9999,-9999,-9999,0.00980904304016125,0.0879816943774588,-9999,0.261316540235294,0.58,1,-9999,545.5
31,0.358632076798249,1.25231940337446,0.083230269721413,1.31003090236344,0.310259011235609,1.00321204124374,0.0453435462949026,0.195655038416342,-9999,-9999,-9999,-9999,0.174757304603189,0.0879816943774588,-9999,0.261316540235294,0.75385932909805,1,-9999,545.5
60,0.502148607619598,1.2319054282801,0.182778958862451,1.31197818535842,0.619362623414167,1.00125848540519,0.104569254498993,0.174508869808332,-9999,-9999,-9999,-9999,0.150706891336305,0.0879816943774588,-9999,0.261316540235294,0.719437964126152,1,-9999,545.5
91,0.33802321265949,1.1887128824367,0.623584276182383,1.48735891355263,0.632195265936076,1.00017589054686,0.223343529185307,0.13212446982467,-9999,-9999,-9999,-9999,0.0985702641820618,0.0879816943774588,-9999,0.261316540235294,0.642680571412393,1,-9999,545.5
121,-1.1106147961503,1.19802495853523,2.47099527624923,1.56330612272764,1.14166958060024,1.0002268242068,0.621575167946658,0.153202079071672,1.650000086,0.366868615597661,-9999,-9999,0.125419689388685,0.0879816943774588,0.257499994,0.261316540235294,0.659745254832006,1,-9999,545.5
152,-2.54110058277457,1.18943022381191,5.30065174664387,1.45886956935381,2.39226220350902,1.00017971090484,1.43924830653545,0.194531166612844,2.200000115,0.526147098160549,-9999,-9999,0.173498115950074,0.0879816943774588,0.456666656,0.261316540235294,0.644006410928683,1,-9999,545.5
182,-2.74530933950691,1.21918723249512,7.44103367803074,1.55567288014666,4.26062246211977,1.00053508132723,1.81430454623495,0.242588966879598,3.411111289,0.754998293765909,5455,858.568139404206,0.226072174993258,0.0879816943774588,0.708333318,0.261316540235294,0.697436382675228,1,663,545.5
213,-2.49319836286783,1.23401726789365,8.24708659047022,1.49472857220628,5.44218397107743,1.00042764137152,1.9110761916848,0.258199157928285,-9999,-9999,-9999,-9999,0.242746836455899,0.0879816943774588,-9999,0.261316540235294,0.723048143251688,1,-9999,545.5
244,-1.65496398621056,1.27772468723958,7.26208314866674,1.58628631646805,5.09764786788546,1.00087227140717,1.67705723027666,0.267777024653306,3.688889081,0.58494794650131,-9999,-9999,0.252910569938563,0.0879816943774588,0.523333322,0.261316540235294,0.795349216622154,1,-9999,545.5
274,0.452754537928059,1.16984447524231,4.05148708376602,1.52765422949112,3.86838902621159,1.00026637601997,0.775493435825222,0.133277345666215,2.833333481,0.523256567988178,-9999,-9999,0.100110300780206,0.0879816943774588,0.453333323,0.261316540235294,0.607071738969093,1,-9999,545.5
305,0.432475459500983,1.20886451128778,1.44680522412968,1.44395990350621,1.94074072414035,1.00028672448374,0.244239589335729,0.152843928089928,1.77777787,0.52470117695746,-9999,-9999,0.124981949930502,0.0879816943774588,0.45499999,0.261316540235294,0.679230010122524,1,-9999,545.5
335,0.659188291465532,1.15804694500394,0.452912638378935,1.44818993397105,0.961649706377872,1.00001071738696,0.101680636632476,0.0916622049468667,-9999,-9999,-9999,-9999,0.0257134453193818,0.0879816943774588,-9999,0.261316540235294,0.584014320743047,1,-9999,545.5
366,0.598776768618894,1.15824924607212,0.156543343468934,1.52175930489446,0.651333422083404,1.00020447040789,0.0768862087638425,0.0926190549233731,-9999,-9999,-9999,-9999,0.0289397786683009,0.0879816943774588,-9999,0.261316540235294,0.584415362586093,1,-9999,545.5
31,0.505211184070666,1.15804694500394,0.127397818084774,1.49138705625926,0.562482667366369,1.00001071738696,0.0897788973525042,0.0915378216976997,-9999,-9999,-9999,-9999,0.0252664650402722,0.0879816943774588,-9999,0.261316540235294,0.584014320743047,1,-9999,545.5
59,0.357367449080009,1.20433858831792,0.165196486651925,1.42936587084294,0.396639922008025,1.00025086835604,0.131689268826924,0.146929148457776,-9999,-9999,-9999,-9999,0.117674959617578,0.0879816943774588,-9999,0.261316540235294,0.671141889105135,1,-9999,545.5
90,0.332800259602102,1.2362076696712,0.328395722103954,1.49515793980222,0.544197622721299,1.00044011288291,0.133314221125272,0.176006755691423,-9999,-9999,-9999,-9999,0.152438838566462,0.0879816943774588,-9999,0.261316540235294,0.726780161089923,1,-9999,545.5
120,-1.02493385283209,1.22225502466066,2.37424650455837,1.46064806463908,1.29950362907184,1.0003614468438,0.544057301465322,0.17212999773331,1.400000073,0.340522798526177,-9999,-9999,0.147945792688203,0.0879816943774588,0.218333328,0.261316540235294,0.702785419106164,1,-9999,545.5
151,-2.01376966552019,1.18394754074237,4.69695347819812,1.41672068403463,2.45495993865942,1.00085583716735,1.27244733939599,0.180051446497025,1.688888977,0.397852145904159,-9999,-9999,0.157091517403527,0.0879816943774588,0.299999993,0.261316540235294,0.633823145072751,1,-9999,545.5
181,-2.88358021809369,1.17965053452904,8.13814419644365,1.38593903581365,4.75636286780829,1.00012675954231,1.74979592117518,0.212194237049881,3.577777964,0.756562166302641,5485,858.568139404206,0.193094836004624,0.0879816943774588,0.709999984,0.261316540235294,0.625759845000187,1,663,545.5
212,-2.45376167930942,1.15602768132947,7.80502743508673,1.50286809999589,4.95785533006452,1,1.94845263946223,0.213788342590989,4.377778006,0.677429934901422,-9999,-9999,0.194845263946223,0.0879816943774588,0.624999986,0.261316540235294,0.58,1,-9999,545.5
243,-1.42821684289939,1.19594476258233,7.18225766621331,1.50097359013361,5.23918265901128,1.00021535582438,1.34463037896998,0.192545009542991,3.277777949,0.536304424401633,-9999,-9999,0.171268217000067,0.0879816943774588,0.468333323,0.261316540235294,0.655960269489017,1,-9999,545.5
273,-0.257052369533322,1.16975927688407,4.62566847235925,1.58147810695673,3.8025565927593,1.00007324942529,0.947120557312236,0.143274638745299,2.16666678,0.508885157512085,-9999,-9999,0.113078926250948,0.0879816943774588,0.436666657,0.261316540235294,0.606907543087359,1,-9999,545.5
304,0.967837081699682,1.1994704048548,2.69377688792981,1.15190798859566,3.52943399377159,1.01127205246636,0.461885311302477,0.180182033972574,1.277777844,0.501752698696712,-9999,-9999,0.15724117406381,0.0879816943774588,0.428333324,0.261316540235294,0.662366403225993,1,-9999,545.5
334,-9999,1.21583839497033,-9999,1.08200628165814,-9999,1.4072783770753,-9999,-9999,0.533333361,0.469453221504064,-9999,-9999,-9999,0.0879816943774588,0.389999991,0.261316540235294,1.21583839497033,1,-9999,545.5
365,-9999,1.49991427717261,-9999,1.11569835134702,-9999,1.62265793815643,-9999,-9999,-9999,-9999,-9999,-9999,-9999,0.0879816943774588,-9999,0.261316540235294,1.49991427717261,1,-9999,545.5
31,0.56121218647291,1.26005362451689,0.13449352210555,1.1601158212816,0.578369256829701,1.00176092732233,0.0978174914475676,0.198161289736715,-9999,-9999,-9999,-9999,0.177558773944263,0.0879816943774588,-9999,0.261316540235294,0.766638856736437,1,-9999,545.5
59,0.292199106275265,1.21539885783835,0.144864204400001,1.25577346237922,0.29795646062969,1.00436566987163,0.155130081501831,0.171247029987147,-9999,-9999,-9999,-9999,0.14691755080279,0.0879816943774588,-9999,0.261316540235294,0.69079257641839,1,-9999,545.5
90,0.348939160640416,1.20323597142257,0.202897965161592,1.57672007250291,0.519758762619344,1.00025573355551,0.177313365826712,0.146554928131556,-9999,-9999,-9999,-9999,0.117207373548412,0.0879816943774588,-9999,0.261316540235294,0.669161268249461,1,-9999,545.5
120,-0.514303185790213,1.17914781111473,2.01757802150572,1.42992377065114,1.08296165183591,1.00012383270494,0.454191898644665,0.12752738067231,1.333333403,0.348118272862176,-9999,-9999,0.0923171396632923,0.0879816943774588,0.229999995,0.261316540235294,0.624811619975691,1,-9999,545.5
151,-2.58805335028589,1.22631926221066,5.14422964685193,1.26547839791482,2.644464659005,1.00057715763067,1.23395559185457,0.208259958179679,1.855555652,0.450256340643231,-9999,-9999,0.188762897931434,0.0879816943774588,0.366666658,0.261316540235294,0.70983021411383,1,-9999,545.5
181,-3.10445110945274,1.2319523899967,8.31048924442955,1.62342694569107,4.59877303530444,1.00041587462072,2.11255156278079,0.272231976529519,3.900000203,0.66821502301321,5925,858.568139404206,0.257622729004333,0.0879816943774588,0.614999986,0.261316540235294,0.719518374482953,1,663,545.5
212,-3.44108829317267,1.31091549554894,9.73140155172185,1.6862480643171,5.65166563545659,1.00087643576492,2.50973641182468,0.341546506370199,4.188889107,0.671284163989265,-9999,-9999,0.33002005616047,0.0879816943774588,0.61833332,0.261316540235294,0.847643460701684,1,-9999,545.5
243,-1.06848880976054,1.29562768410031,5.75632407414369,1.48444284728426,4.54789196123234,1.00162776121814,1.2139298135783,0.253949128786982,3.800000198,0.637669530851286,-9999,-9999,0.238221286761151,0.0879816943774588,0.581666654,0.261316540235294,0.823802825806724,1,-9999,545.5
273,-0.0330770060031611,1.16257283864618,4.51180418533201,1.59797026166671,3.91047016945897,1.00051047302164,0.841620300109516,0.130594511187023,2.688889029,0.529042838530628,-9999,-9999,0.0965098326941296,0.0879816943774588,0.45999999,0.261316540235294,0.592938112418019,1,-9999,545.5
304,1.30596984360395,1.16964417968085,1.42846117683641,1.46799925369212,2.53973249578476,1.00007263499257,0.297336660131641,0.111411116705101,3.133333497,0.457068187692541,-9999,-9999,0.0683495309416901,0.0879816943774588,0.374999992,0.261316540235294,0.606685674020152,1,-9999,545.5
334,0.931030757853101,1.20166175881146,0.296850324147167,1.56073020200264,1.15661103768601,1.00043955588042,0.18121834521534,0.145543298604279,-9999,-9999,-9999,-9999,0.115939955248766,0.0879816943774588,-9999,0.261316540235294,0.66632648348227,1,-9999,545.5
365,1.03038575976,1.15623033570032,0.241102643635909,1.71791048064831,1.14622182216,1.00019375509705,0.151878073154231,0.0905099562668963,-9999,-9999,-9999,-9999,0.0212432021575588,0.0879816943774588,-9999,0.261316540235294,0.58040381562639,1,-9999,545.5
31,0.651633687373333,1.16645920480654,0.213674139702225,1.46775547514256,0.710535552373333,1.00089835006398,0.211386029231703,0.108769969813964,-9999,-9999,-9999,-9999,0.06395410688769,0.0879816943774588,-9999,0.261316540235294,0.600522336368851,1,-9999,545.5
59,0.463569050092344,1.2969860971521,0.172037693167719,1.28597709035281,0.342548166021585,1.00069056562182,0.140058195131195,0.222964854238864,-9999,-9999,-9999,-9999,0.204872027568991,0.0879816943774588,-9999,0.261316540235294,0.825937610359183,1,-9999,545.5
90,-0.106131010686066,1.18506538573645,1.31703331955253,1.68598219984303,1.01867372264226,1.0001560748926,0.352562450478177,0.131046446258638,1.300000068,0.335240707702009,-9999,-9999,0.0971205052061079,0.0879816943774588,0.209999995,0.261316540235294,0.635908773701599,1,-9999,545.5
120,-0.841187933070803,1.18288080691537,2.72700856395505,1.67159748638967,1.67624721255259,1.00014409932898,0.782068321684327,0.146264786717458,1.7111112,0.360493794670726,-9999,-9999,0.11684438064355,0.0879816943774588,0.248333328,0.261316540235294,0.631828302127049,1,-9999,545.5
151,-1.8607209975217,1.19621568065878,5.10275295564009,1.74165787429319,2.7446302332773,1.00021697222745,1.37391964076158,0.194930844528389,2.377777902,0.493243453245386,-9999,-9999,0.1739461284508,0.0879816943774588,0.418333324,0.261316540235294,0.656454076576525,1,-9999,545.5
181,-3.36594622568077,1.28820346678702,8.68955302839108,1.45894398490379,5.04984028032982,1.00158339667201,2.25619460225971,0.31339487112662,3.777777975,0.669749277806827,-9999,-9999,0.300791566874708,0.0879816943774588,0.616666653,0.261316540235294,0.812076456894353,1,-9999,545.5
212,-2.18614287379591,1.21573838200148,8.90795366607476,1.55837869068179,6.18034625800216,1.00031421340475,2.12509803510116,0.264396050603368,4.016666876,0.68666681616381,-9999,-9999,0.249328083113656,0.0879816943774588,0.634999986,0.261316540235294,0.691389769573984,1,-9999,545.5
243,-2.53807257484784,1.23729990749682,8.49061934249431,1.64873976146835,5.33430340662161,1.00044619885952,2.15196964317977,0.278201992295362,3.888889092,0.631594267905072,-9999,-9999,0.263923416868568,0.0879816943774588,0.574999987,0.261316540235294,0.728636439585366,1,-9999,545.5
273,-0.199409410525253,1.17421896782934,4.90833809593367,1.66859918743728,3.82197870531895,1.0000972522503,0.991875976108946,0.150548577833775,1.683333421,0.494657787405135,-9999,-9999,0.122164216292021,0.0879816943774588,0.419999991,0.261316540235294,0.615459327990239,1,-9999,545.5
304,0.90227952254548,1.1930786458081,1.34888421668169,1.59356396446475,2.06010873544143,1.00019967714631,0.409695636731372,0.140937870868759,2.022222328,0.379356469432833,-9999,-9999,0.110103155719945,0.0879816943774588,0.274999994,0.261316540235294,0.650720105024646,1,-9999,545.5
334,0.639870035697426,1.18768580184401,0.387265609021229,1.40798238034102,0.818521613760532,1.000362966028,0.230178531026165,0.131823698539667,-9999,-9999,-9999,-9999,0.0981667405547751,0.0879816943774588,-9999,0.261316540235294,0.640778872858537,1,-9999,545.5
365,0.752019942713929,1.1811886088505,0.181683035976515,1.38476713860938,0.814615977727131,1.00013509141563,0.256102113466329,0.124520024417585,-9999,-9999,-9999,-9999,0.0881161616017601,0.0879816943774588,-9999,0.261316540235294,0.628654539217026,1,-9999,545.5
31,0.552349357312181,1.15602768132947,0.0735050465061918,1.50698097184473,0.595799360825806,1,0.270135902760026,0.092035387787135,-9999,-9999,-9999,-9999,0.0270135902760026,0.0879816943774588,-9999,0.261316540235294,0.58,1,-9999,545.5
60,0.466337674145046,1.17989969070628,0.218210126394882,1.40725550759632,0.663778464363259,1.00061430918564,0.273277806509445,0.124946873209148,-9999,-9999,-9999,-9999,0.0887183328248131,0.0879816943774588,-9999,0.261316540235294,0.626229414934162,1,-9999,545.5
91,0.377965992013781,1.16006269385147,0.380860621307611,1.41083482331658,0.709518766089224,1.00002143465905,0.456874700560336,0.104612174094201,-9999,-9999,-9999,-9999,0.0565944204245165,0.0879816943774588,-9999,0.261316540235294,0.58800123610918,1,-9999,545.5
121,-0.787402228515558,1.22881061717272,2.02329288454404,1.29763250587805,1.21938619324144,1.00124094256759,0.685777901293532,0.184684243676588,1.483333411,0.338395230537524,-9999,-9999,0.162380698720214,0.0879816943774588,0.214999995,0.261316540235294,0.714125712235878,1,-9999,545.5
152,-3.07209654541633,1.2733853346364,5.69176627282923,1.45641686228281,2.50823120262524,1.00084694406388,1.56038972583204,0.258097523754484,2.10000011,0.477793184338731,-9999,-9999,0.24263872984886,0.0879816943774588,0.399999991,0.261316540235294,0.788359188737631,1,-9999,545.5
182,-2.85721317826317,1.19992860588147,7.55574665641662,1.33304068323869,4.55990023806841,1.00042988089346,1.91111650971348,0.238378313507063,3.355555731,0.706751318392427,-9999,-9999,0.221547831866943,0.0879816943774588,0.656666652,0.261316540235294,0.663195792517302,1,-9999,545.5
213,-2.82754042030595,1.29005616815171,8.3686137799624,1.56850286527426,5.32827263848882,1.00075233274612,2.32135863078278,0.317908676674412,3.766666863,0.590919894300864,6395,858.568139404206,0.305491649901184,0.0879816943774588,0.529999988,0.261316540235294,0.815012218918384,1,663,545.5
244,-1.31125162510096,1.16006269385147,6.89990413872484,1.60799970230072,4.69037847587646,1.00002143465905,1.56574975957165,0.182680281214425,3.188889055,0.562692130757219,-9999,-9999,0.160097803229941,0.0879816943774588,0.498333322,0.261316540235294,0.58800123610918,1,-9999,545.5
274,-0.515156944832402,1.18943013496505,4.41927420180353,1.48389362984392,3.41069920742227,1.00102240522557,0.922070792507557,0.162418801640835,1.911111211,0.47083872524404,-9999,-9999,0.136525047448871,0.0879816943774588,0.391666658,0.261316540235294,0.644006246835368,1,-9999,545.5
305,0.889431578934787,1.17604283521305,1.48824652489077,1.61629746312089,2.21343174932907,1.00010708368889,0.437251923151712,0.123500375961915,1.311111179,0.494657787405135,-9999,-9999,0.0866692812777729,0.0879816943774588,0.419999991,0.261316540235294,0.618931943153654,1,-9999,545.5
335,0.802085300064,1.15602768132947,0.341737491937055,1.57824872051181,1.07930969352,1,0.3347773289415,0.0941357378749464,-9999,-9999,-9999,-9999,0.03347773289415,0.0879816943774588,-9999,0.261316540235294,0.58,1,-9999,545.5
366,0.760608968519588,1.15804694500394,0.107603323639309,1.45279217992621,0.743354031903912,1.00001071738696,0.356182754510627,0.0978122274726904,-9999,-9999,-9999,-9999,0.0427370249039491,0.0879816943774588,-9999,0.261316540235294,0.584014320743047,1,-9999,545.5
31,0.646168113980914,1.21600913296824,0.090326687638324,1.27971373029387,0.6191392971979,1.001169167513,0.259996060956647,0.162219935546678,-9999,-9999,-9999,-9999,0.136288403553787,0.0879816943774588,-9999,0.261316540235294,0.691865746703916,1,-9999,545.5
59,0.381377668631143,1.177974716173,0.129992504395849,1.41879881786898,0.446962719408312,1.00011750065341,0.234143025786837,0.120111127321236,-9999,-9999,-9999,-9999,0.0817673795645276,0.0879816943774588,-9999,0.261316540235294,0.622594918018819,1,-9999,545.5
90,0.416167032732387,1.16564233510771,0.332401489539178,1.42429819454968,0.617137966405161,1.00005120143093,0.310345010901592,0.106657877279385,-9999,-9999,-9999,-9999,0.0602919915097834,0.0879816943774588,-9999,0.261316540235294,0.598934097706385,1,-9999,545.5
120,-0.380509246384851,1.16006269385147,2.21073669822729,1.66025095547431,1.4656925365583,1.00002143465905,0.603688599239808,0.111806803447356,1.333333403,0.317311097758248,-9999,-9999,0.0689926282409011,0.0879816943774588,0.179999996,0.261316540235294,0.58800123610918,1,-9999,545.5
151,-2.81229686082581,1.15602768132947,6.09086663349354,1.34747756142661,3.0714657003871,1,1.84591498448938,0.20448667400384,2.077777886,0.468069551996388,-9999,-9999,0.184591498448938,0.0879816943774588,0.388333325,0.261316540235294,0.58,1,-9999,545.5
181,-3.74453457157405,1.20470520262738,8.99337883949226,1.38212782667002,5.06653496921096,1.00026365144744,2.36686265284475,0.278490192783016,3.633333523,0.675892566001506,-9999,-9999,0.264227191883789,0.0879816943774588,0.623333319,0.261316540235294,0.671799542451072,1,-9999,545.5
212,-3.42364372376017,1.18036637065212,9.75866516869816,1.37461539074997,5.96967291819989,1.00032334801503,2.44746741903219,0.273289659299114,3.333333507,0.719156668675571,-9999,-9999,0.25874013862232,0.0879816943774588,0.669999985,0.261316540235294,0.627108259367126,1,-9999,545.5
243,-2.12510054702739,1.23616226918533,9.19626545409782,1.59112966917876,6.19925481093694,1.00043981066978,2.06488547203939,0.270924909956177,3.700000193,0.581967629443893,-9999,-9999,0.256241152606747,0.0879816943774588,0.519999988,0.261316540235294,0.726702935013626,1,-9999,545.5
273,-0.285070246940426,1.17163997622744,5.21299773018913,1.60501367818517,4.21061796467745,1.00008335160113,1.07118668418486,0.153494452362871,2.144444556,0.493243453245386,-9999,-9999,0.125776660635625,0.0879816943774588,0.418333324,0.261316540235294,0.610524556340077,1,-9999,545.5
304,0.373400175483871,1.15602768132947,1.56919954635168,1.51264432558078,1.86335605858065,1,0.380771765815877,0.0958678774248913,1.322222291,0.484791127898844,-9999,-9999,0.0380771765815877,0.0879816943774588,0.408333324,0.261316540235294,0.58,1,-9999,545.5
334,0.687919791080681,1.15804694500394,0.314466245337521,1.5448226611599,0.951050195708936,1.00001071738696,0.213729074762276,0.0935701419847642,0.033333335,0.311747225874656,-9999,-9999,0.0318526753275195,0.0879816943774588,0.169999996,0.261316540235294,0.584014320743047,1,-9999,545.5
365,0.64151226857619,1.17451456362833,0.151664918489491,1.33174093449476,0.60665435855293,1.00103796874015,0.112402437031612,0.117718054644809,-9999,-9999,-9999,-9999,0.0782097298539622,0.0879816943774588,-9999,0.261316540235294,0.616023100358295,1,-9999,545.5
31,0.347983266357457,1.22800307531891,0.00974342607567568,1.12240635264177,0.166866629441356,1.00737389423754,0.0149159381199945,0.186551320570394,-9999,-9999,-9999,-9999,0.164501114467439,0.0879816943774588,-9999,0.261316540235294,0.712735261505072,1,-9999,545.5
59,0.262225261941109,1.18020794486207,0.205035261305956,1.29322872031919,0.377160914325117,1.00032224625737,0.201150653951866,0.122805756890753,-9999,-9999,-9999,-9999,0.0856765742778159,0.0879816943774588,-9999,0.261316540235294,0.626810013573136,1,-9999,545.5
90,0.503791798668338,1.15804694500394,0.487686047758214,1.54178487861536,0.767744673138778,1.00001071738696,0.398195900604022,0.0994191633923764,-9999,-9999,-9999,-9999,0.0462967763900627,0.0879816943774588,-9999,0.261316540235294,0.584014320743047,1,-9999,545.5
120,-0.5603072938848,1.15602768132947,2.2824147873886,1.60210938303231,1.4617491516,1,0.551609228744051,0.103843661134826,1.500000078,0.375747695881883,-9999,-9999,0.0551609228744051,0.0879816943774588,0.269999994,0.261316540235294,0.58,1,-9999,545.5
151,-1.6604496610143,1.2182766137905,5.56800131027309,1.50327052120583,3.46868538992108,1.00082563279544,1.64347244353286,0.230241069734287,1.966666769,0.45161462831279,-9999,-9999,0.212767882084821,0.0879816943774588,0.368333325,0.261316540235294,0.695843306865028,1,-9999,545.5
181,-3.20380942270597,1.21247923541172,11.7220669271402,1.25846773218414,5.73385204980104,1.00876845861605,3.18141112216951,0.364356064821818,3.722222416,0.666681404887497,-9999,-9999,0.353573985789272,0.0879816943774588,0.61333332,0.261316540235294,0.685642688508086,1,-9999,545.5
212,-2.59033859516755,1.24095649714642,9.51256209530953,1.56187019970996,5.91090827870831,1.00095342269927,2.98025718035845,0.348575039100948,4.188889107,0.677429934901422,-9999,-9999,0.337288866312985,0.0879816943774588,0.624999986,0.261316540235294,0.734828570354951,1,-9999,545.5
243,-1.93229464749115,1.21676105157174,7.74354769139693,1.46860214464288,5.4387832803407,1.00103674356765,2.3433686916767,0.284068260201516,3.422222401,0.546522024844877,-9999,-9999,0.270099977616415,0.0879816943774588,0.479999989,0.261316540235294,0.693186451556847,1,-9999,545.5
273,0.119557914628572,1.220560293901,3.90975656667709,1.5043434227986,3.85578607829702,1.00083822343261,0.945517980885431,0.188599743211674,2.916666819,0.516053607002746,-9999,-9999,0.166820516106325,0.0879816943774588,0.44499999,0.261316540235294,0.699833859603613,1,-9999,545.5
304,0.282313521127742,1.15602768132947,2.02100721438476,1.48056367540056,1.79412930650323,1,0.511975887909327,0.101793770160723,1.133333392,0.45980695841418,-9999,-9999,0.0511975887909327,0.0879816943774588,0.378333325,0.261316540235294,0.58,1,-9999,545.5
334,0.735671465360323,1.17163997622744,0.460984125831979,1.35848864197563,0.903093199339915,1.00008335160113,0.395131374249036,0.116822197426634,-9999,-9999,-9999,-9999,0.0768547153144097,0.0879816943774588,-9999,0.261316540235294,0.610524556340077,1,-9999,545.5
365,0.340745726231838,1.20421428331893,0.0624525994407638,1.17307376679892,0.246963322398846,1.0002610284703,0.0749810819991234,0.146574965500421,-9999,-9999,-9999,-9999,0.117232427109231,0.0879816943774588,-9999,0.261316540235294,0.670918802948116,1,-9999,545.5
31,0.624400985067485,1.17312809624147,0.145006423434879,1.16632546192444,0.506494128170605,1.00009140331341,0.271343826717648,0.115188676964118,-9999,-9999,-9999,-9999,0.074348185957798,0.0879816943774588,-9999,0.261316540235294,0.6133755213498,1,-9999,545.5
59,0.43711803665693,1.20884075147521,0.545773445853468,1.32703946231437,0.756292725552453,1.00028647613078,0.0851727694656041,0.150931921593005,-9999,-9999,-9999,-9999,0.122636317664175,0.0879816943774588,-9999,0.261316540235294,0.679187722523855,1,-9999,545.5
90,0.547731182841208,1.15804694500394,0.439159978216055,1.25363301362256,0.653571936533699,1.00001071738696,0.402430495424107,0.0995895242158254,-9999,-9999,-9999,-9999,0.0466614914892988,0.0879816943774588,-9999,0.261316540235294,0.584014320743047,1,-9999,545.5
120,-0.721256845880834,1.16207494616263,2.78512295524172,1.72617210475765,1.61245719454979,1.00003215181629,0.567212536616606,0.112389743380248,1.666666754,0.379356469432833,-9999,-9999,0.0699333673688705,0.0879816943774588,0.274999994,0.261316540235294,0.59196129983208,1,-9999,545.5
151,-3.06171916576258,1.15602768132947,6.47313994210643,1.62697781148284,2.86562736255484,1,1.46720434797244,0.171077948703569,2.144444556,0.508885157512085,-9999,-9999,0.146720434797244,0.0879816943774588,0.436666657,0.261316540235294,0.58,1,-9999,545.5
181,-3.40952916207753,1.15804694500394,9.80409369849571,1.48941221592011,5.83658244229787,1.00001071738696,2.31430514202522,0.248713998804059,3.800000198,0.655964248669671,-9999,-9999,0.232632488392264,0.0879816943774588,0.601666653,0.261316540235294,0.584014320743047,1,-9999,545.5
212,-3.62136574077726,1.25248666753331,10.6810201739501,1.63737276396047,6.34909349238992,1.0007259570594,2.5218800910659,0.315507194243825,3.94444465,0.663616091667874,-9999,-9999,0.302991767337138,0.0879816943774588,0.609999986,0.261316540235294,0.754137157517576,1,-9999,545.5
243,-2.42962260370451,1.20922012087462,9.92705314075766,1.5562255338471,5.09483454969399,1.00028870671929,1.72943321853117,0.229726808002582,3.455555736,0.649854844354141,-9999,-9999,0.212211280966697,0.0879816943774588,0.594999987,0.261316540235294,0.679862707263771,1,-9999,545.5
273,0.508339372547837,1.18524970878754,4.26163283440354,1.46148774428668,4.44248321722471,1.00034968333406,0.845552638873323,0.152596212851508,2.588889024,0.454337362396527,-9999,-9999,0.124678890078049,0.0879816943774588,0.371666658,0.261316540235294,0.636252207996921,1,-9999,545.5
304,0.465408559540171,1.17345118133263,2.32152190058834,1.74603958701974,2.39866067885297,1.00009317277557,0.39891404465544,0.119270017894632,2.211111226,0.527594322536517,-9999,-9999,0.0805267571870198,0.0879816943774588,0.458333323,0.261316540235294,0.613993220622947,1,-9999,545.5
334,1.11697996916745,1.19307254853367,0.553010152917904,1.54831920559678,1.47368695460674,1.00019985960277,0.174387178578383,0.136163018662398,3.400000177,0.636149604354624,-9999,-9999,0.103921071519341,0.0879816943774588,0.579999987,0.261316540235294,0.65070892576069,1,-9999,545.5
365,0.647771550456774,1.15602768132947,0.251003738879587,1.49795053324781,0.764086989832258,1,0.182262118745316,0.0898497264593715,-9999,-9999,-9999,-9999,0.0182262118745316,0.0879816943774588,-9999,0.261316540235294,0.58,1,-9999,545.5
31,0.639146650548447,1.20446816681465,0.108494379706599,1.20325712127376,0.480626762973701,1.00138354157287,0.184292329114958,0.151396641966109,-9999,-9999,-9999,-9999,0.123207810844466,0.0879816943774588,-9999,0.261316540235294,0.671374385026605,1,-9999,545.5
60,0.410764820697165,1.22610223674026,0.298585257177141,1.251978618141,0.329526517906535,1.00030027745472,0.294697732491416,0.169418406899451,-9999,-9999,-9999,-9999,0.14478196728467,0.0879816943774588,-9999,0.261316540235294,0.709455209960063,1,-9999,545.5
91,0.320367601741815,1.17312809624147,0.78616384960431,1.58540680188583,0.935215938345563,1.00009140331341,0.407115835364764,0.119120063850779,-9999,-9999,-9999,-9999,0.0803044897019154,0.0879816943774588,-9999,0.261316540235294,0.6133755213498,1,-9999,545.5
121,-0.357839071260308,1.17825288105954,2.35877101860443,1.41994845078976,1.13114257979987,1.00010828372841,0.542635682733918,0.129984333127143,1.666666754,0.338395230537524,-9999,-9999,0.0956825392272782,0.0879816943774588,0.214999995,0.261316540235294,0.623121057038765,1,-9999,545.5
152,-2.66973011630666,1.2054012151689,5.98346705147925,1.49417874142802,3.04823774048119,1.00026743099683,1.56233667142719,0.214751602951719,2.122222333,0.496073687899388,-9999,-9999,0.195901690714512,0.0879816943774588,0.421666657,0.261316540235294,0.67304687023317,1,-9999,545.5
182,-3.54117889167322,1.23603084340092,9.06570707131458,1.59877027137079,4.7569328597699,1.00063212195304,2.22350193812478,0.283720810621011,3.477777959,0.711399390335298,-9999,-9999,0.269734535856859,0.0879816943774588,0.661666652,0.261316540235294,0.726479349905004,1,-9999,545.5
213,-3.29114040215007,1.19260492891214,10.7291937984486,1.29941638436144,6.23676880819149,1.00575042121841,2.53148438566024,0.295215363826497,4.022222432,0.631594267905072,-9999,-9999,0.281800164112235,0.0879816943774588,0.574999987,0.261316540235294,0.649851149468503,1,-9999,545.5
244,-2.00285856817037,1.2461809749197,9.62763659758431,1.56890272235017,6.75519027730003,1.00049694387279,1.81946941329476,0.258667022140404,3.644444635,0.556796582984097,-9999,-9999,0.243244423980193,0.0879816943774588,0.491666656,0.261316540235294,0.74361752416939,1,-9999,545.5
274,0.110090641807149,1.17245376549074,4.78313933250278,1.61313214533284,3.97940105972611,1.00008773585487,0.820684904288038,0.138048143715009,2.711111253,0.503176237118312,-9999,-9999,0.106379093047606,0.0879816943774588,0.42999999,0.261316540235294,0.612084824361315,1,-9999,545.5
305,0.849866337629011,1.18692253587342,1.79426833255844,1.43622438315527,2.16225082360879,1.00110520426482,0.294861806459048,0.13477630998403,3.58333352,0.546522024844877,-9999,-9999,0.102097380903639,0.0879816943774588,0.479999989,0.261316540235294,0.639363047230751,1,-9999,545.5
335,0.827985464604,1.15602768132947,0.422614234934388,1.34822412751724,1.1009205072,1,0.150815685892484,0.0892649553668223,3.766666863,1.29660566984745,-9999,-9999,0.0150815685892484,0.0879816943774588,1.269999972,0.261316540235294,0.58,1,-9999,545.5
366,0.276743480491594,1.18902601104186,0.137539223079969,1.16590863175772,0.258035372725071,1.00088342570871,0.188865567708143,0.134295159204133,-9999,-9999,-9999,-9999,0.101461378071338,0.0879816943774588,-9999,0.261316540235294,0.643259554871998,1,-9999,545.5
31,0.513922697233548,1.15602768132947,0.102559348133133,1.41719624176876,0.529805680025806,1,0.104874542045465,0.0886045441341528,-9999,-9999,-9999,-9999,0.0104874542045465,0.0879816943774588,-9999,0.261316540235294,0.58,1,-9999,545.5
59,0.538054285432389,1.20058748984914,0.168478101051028,1.41310573201324,0.645525274417657,1.00024098162568,0.119607760301319,0.14322588221836,-9999,-9999,-9999,-9999,0.113017143795528,0.0879816943774588,-9999,0.261316540235294,0.664387176864718,1,-9999,545.5
90,0.455628910880727,1.17817359550133,0.395760787282009,1.42008468702846,0.583362383969455,1.00031123299119,0.274998982058371,0.121882328043568,-9999,-9999,-9999,-9999,0.0843476338956302,0.0879816943774588,-9999,0.261316540235294,0.622971123838443,1,-9999,545.5
120,-0.182218361290846,1.19415129246773,1.7655120702069,1.66425729283538,1.16798823067168,1.00020552545004,0.460021219831516,0.143512061216436,1.416666741,0.324565220965747,-9999,-9999,0.113379597675514,0.0879816943774588,0.192499996,0.261316540235294,0.652684693632647,1,-9999,545.5
151,-2.80278354230574,1.17924539197006,6.78200728725083,1.61594902189093,3.27794070252728,1.00010388916406,1.75339818915442,0.212149485671076,2.111111221,0.494657787405135,-9999,-9999,0.193045657099489,0.0879816943774588,0.419999991,0.261316540235294,0.624995755571688,1,-9999,545.5
181,-3.64582699140868,1.16207494616263,10.3104247486815,1.50228878734309,5.60827349617021,1.00003215181629,2.43105731887994,0.261752842729405,3.766666863,0.739384264307877,-9999,-9999,0.246523370355421,0.0879816943774588,0.691666651,0.261316540235294,0.59196129983208,1,-9999,545.5
212,-3.41806287139137,1.22552958437043,10.3869500861008,1.68594690685052,6.047542136553,1.00037963262253,2.54552809861158,0.3039147065314,4.277778001,0.637669530851286,-9999,-9999,0.290900963045051,0.0879816943774588,0.581666654,0.261316540235294,0.708465074768793,1,-9999,545.5
243,-1.54781446108558,1.23168988287612,8.47514607997526,1.67344607203435,5.92005399542858,1.00041479336741,1.85862170171487,0.253160655733483,3.81111131,0.610428072205153,-9999,-9999,0.237380578535563,0.0879816943774588,0.551666654,0.261316540235294,0.71906881977971,1,-9999,545.5
273,-0.416232421840244,1.18323606112856,4.85719488297506,1.41429375291289,3.92099681632501,1.00033871084046,0.974368997351293,0.158270190349823,3.266666837,0.54798640649451,-9999,-9999,0.131562436158049,0.0879816943774588,0.481666656,0.261316540235294,0.632493143326488,1,-9999,545.5
304,0.65858085476129,1.15602768132947,2.26796555809581,1.56332683955794,2.2935402315871,1,0.453914727878963,0.0990008300338078,2.055555663,0.655964248669671,-9999,-9999,0.0453914727878963,0.0879816943774588,0.601666653,0.261316540235294,0.58,1,-9999,545.5
334,0.93601386828,1.15602768132947,0.48106449333293,1.51665007137733,1.26568761624,1,0.243184321820542,0.0912806917662313,-9999,-9999,-9999,-9999,0.0243184321820542,0.0879816943774588,-9999,0.261316540235294,0.58,1,-9999,545.5
365,0.76615922492129,1.15602768132947,0.243858029586829,1.55207721628128,0.854252331793548,1,0.177631476624366,0.0897569382299,-9999,-9999,-9999,-9999,0.0177631476624366,0.0879816943774588,-9999,0.261316540235294,0.58,1,-9999,545.5
31,0.690572782560486,1.24726485897674,0.142355022427341,1.19274430517769,0.612772511610096,1.00222266773439,0.0414011049823264,0.189244647068408,-9999,-9999,-9999,-9999,0.167549270062623,0.0879816943774588,-9999,0.261316540235294,0.745432510988261,1,-9999,545.5
59,0.305824449838049,1.15804694500394,0.367673176965029,1.46315162751969,0.576125509748936,1.00001071738696,0.037470482984486,0.0911735195548162,-9999,-9999,-9999,-9999,0.0239130115728632,0.0879816943774588,-9999,0.261316540235294,0.584014320743047,1,-9999,545.5
90,-0.156371950196129,1.15602768132947,1.38185883477791,1.62318402622764,0.95783714756129,1,0.40293109710153,0.0967693817053875,1.388888961,0.408000131596506,-9999,-9999,0.040293109710153,0.0879816943774588,0.313333326,0.261316540235294,0.58,1,-9999,545.5
120,-1.003105812096,1.15602768132947,2.70467291136342,1.60431009218741,1.42859116368,1,0.795050072726079,0.118582565020942,1.600000083,0.396596908963538,-9999,-9999,0.0795050072726079,0.0879816943774588,0.298333327,0.261316540235294,0.58,1,-9999,545.5
151,-1.66400939277979,1.16391784346862,5.20679763321594,1.48889220901225,3.06510281711987,1.00004198389488,1.5489489990589,0.184174752528046,1.977777881,0.448900131833957,-9999,-9999,0.161800991725139,0.0879816943774588,0.364999992,0.261316540235294,0.595570941487786,1,-9999,545.5
181,-3.42454129321021,1.15804694500394,8.4274934620842,1.34852132564367,4.65890844975319,1.00001071738696,2.28611338825311,0.246092898183923,3.655555746,0.836846046522623,-9999,-9999,0.229828057449551,0.0879816943774588,0.794999982,0.261316540235294,0.584014320743047,1,-9999,545.5
212,-3.23564082674998,1.16006269385147,9.66775994309054,1.33838150334182,5.96304986256692,1.00002143465905,2.86312276062025,0.301381952798126,4.022222432,0.794220566782644,-9999,-9999,0.288253886230322,0.0879816943774588,0.749999983,0.261316540235294,0.58800123610918,1,-9999,545.5
243,-1.72003933641654,1.16792559694981,7.9846907138338,1.63928213433238,4.82457973465167,1.00006341765408,1.89762747764644,0.216917941614255,3.333333507,0.672819676317915,-9999,-9999,0.198274090210085,0.0879816943774588,0.619999986,0.261316540235294,0.603365726579305,1,-9999,545.5
273,-0.373462613978087,1.16190878278447,4.90941557884187,1.38800528091273,3.81682160608696,1.00003126684301,1.05790464153235,0.143393653995341,2.43333346,0.534849606920269,-9999,-9999,0.113229684538141,0.0879816943774588,0.466666656,0.261316540235294,0.591635039117602,1,-9999,545.5
304,0.563252800927725,1.16764497182505,2.2597726720343,1.241218208179,3.04474326678161,1.00006191826917,0.344361562426665,0.110256079814818,2.477777907,0.562692130757219,-9999,-9999,0.0664501662195289,0.0879816943774588,0.498333322,0.261316540235294,0.602822345495191,1,-9999,545.5
334,0.822498764315745,1.15804694500394,0.320896985179222,1.40125572726517,1.07373567702638,1.00001071738696,0.154910039313623,0.0924042287985947,3.966666874,1.29660566984745,-9999,-9999,0.0282446978092255,0.0879816943774588,1.269999972,0.261316540235294,0.584014320743047,1,-9999,545.5
365,0.642048983847303,1.15804694500394,0.190022402827165,1.45777471751746,0.669053238117776,1.00001071738696,0.117553039635168,0.0918518234350098,-9999,-9999,-9999,-9999,0.0263814124490645,0.0879816943774588,-9999,0.261316540235294,0.584014320743047,1,-9999,545.5
