"run_day","mint_C","maxt_C","swrad_MJm2day","co2_ppm","doy","precip_kgm2s","deforestation_fraction","burnt_area_fraction","mint_21day","dayl_21day","vpd_21day","management_type","avgTemp_C","wind_spd_ms","vpd_Pa"
31,21.2554427608367,29.8554409888483,17.0735741034352,370.59,31,9.37126301692865e-05,0.000195538463291026,0,21.6081273326493,43758.2521907596,439.928138159599,2,25.5554418748425,0.881381029563565,456.841869146272
59,21.4061291924838,29.711433358028,17.0061626082858,371.478275862069,59,0.000101394577458944,0.000176615386198346,0,21.2453141336175,43601.8542087828,351.780893080381,2,25.558781275256,0.869341507040221,383.445895013285
90,21.8882223129273,30.2570768356323,16.4532879864481,372.40125,90,7.6871842508298e-05,0.000195538463291026,0,21.7535518282936,43354.6571697198,367.213522442236,2,26.0726495742798,0.902122458850499,350.450027286209
120,21.836091859879,30.0819404848161,15.9163552028629,373.339677419355,120,9.82689686169772e-05,0.0001892307709268,0,21.8527428786692,43072.6411441706,304.926106983683,2,25.9590161723476,0.872890805224738,343.185880397991
151,22.7327075958252,30.8332935333252,16.7447438911607,373.835,151,8.18118634987422e-05,0.000195538463291026,0,22.4996616545178,42813.6495945508,338.704090155106,2,26.7830005645752,0.914939187641721,287.034159859142
181,20.8948470577117,30.1963430097026,17.0426793373144,373.240322580645,181,7.17827771812707e-05,0.0001892307709268,0,21.502332593036,42643.5395060741,323.162812681361,2,25.5455950337072,0.84398897674175,376.529147667322
212,21.3538967132569,31.393478012085,18.3039389511343,371.5634375,212,2.61842842018042e-05,0.000195538463291026,0,21.1642580758958,42636.5990642734,427.624118947652,2,26.3736873626709,0.959384768735617,336.232172460162
243,22.9228120803833,32.1400743484497,19.7818530375043,369.669375,243,8.75838327515506e-06,0.000195538463291026,0,22.3561455681211,42798.9046728006,636.738984881485,2,27.5314432144165,1.15363273627008,595.337677060988
273,22.7915076471144,32.148564295615,20.7032847634938,368.226129032258,273,1.13834342451409e-05,0.0001892307709268,0,22.8919488722278,43054.3683484703,642.589854526106,2,27.4700359713647,1.21406412821624,622.674863022833
304,23.3523622512818,33.0875659942627,20.3183118060406,368.4415625,304,1.71803275139065e-05,0.000195538463291026,0,23.1885061990647,43336.4445042425,786.215715705201,2,28.2199641227722,1.33221341960598,761.613172596137
334,23.3520328644784,33.0066989037298,18.9919560475384,369.717741935484,334,2.41905892902202e-05,0.0001892307709268,0,23.4228533344884,43594.024850437,784.495900118494,2,28.1793658841041,1.33120806383029,750.951336163376
365,23.1644807815552,31.7076574325562,17.5446712201018,371.19375,365,4.66491658302027e-05,0.000195538463291026,0.00333333341404796,23.1606710797265,43759.0855600724,698.551375644702,2,27.4360691070557,1.43536771694198,761.11737350907
396,22.1128602981568,30.7374979019165,17.3127882271168,372.4896875,31,7.30218864571111e-05,0.0001563626382459,0,22.4676346824283,43759.0855600724,484.011179943003,2,26.4251791000366,1.10384221957065,556.165229500825
424,22.736481975687,30.3838029532597,17.1102555517645,373.176896551724,59,0.000107623118383688,0.000141230770028554,0,22.3833803674858,43601.8542087828,457.36144262408,2,26.5601424644734,1.24137483755576,470.325004237026
455,22.1019693374634,30.404874420166,16.7194167398491,374.09125,90,0.000117890440308427,0.0001563626382459,0,22.3092695236206,43354.6571697198,395.233890029005,2,26.2534218788147,1.13566981808981,378.603692895094
485,22.2357008411038,30.4002722955519,16.236873652373,374.990967741935,120,0.000128502952604085,0.000151318682173451,0,22.2997805359543,43072.6411441706,350.638273353901,2,26.3179865683279,0.970712911397699,362.404684612092
516,22.6958967208863,30.6128479003906,16.7176329869426,375.736875,151,0.000106648795976479,0.0001563626382459,0,22.4918797629221,42813.6495945508,384.217693760874,2,26.6543723106385,1.04811819086899,394.004876024779
546,21.5839900847404,30.8209866431452,17.1145153426683,375.527741935484,181,5.34231811859432e-05,0.000151318682173451,0,22.0163598501554,42643.5395060741,389.153039735359,2,26.2024883639428,0.957375677482736,362.434436352187
577,21.8287921905518,31.8835130691529,18.3723637299701,374.0571875,212,1.8862391528492e-05,0.0001563626382459,0,21.7192768641881,42636.5990642734,526.830479041036,2,26.8561526298523,1.07546776425443,461.908014334996
608,22.1337448120117,32.9110589981079,19.6444132370024,371.9175,243,1.22000274714961e-05,0.0001563626382459,0,21.8871479306902,42798.9046728006,641.164961333502,2,27.5224019050598,1.26650602085283,621.388018339829
638,23.4134795158141,33.0428838914441,20.6960808124176,370.785483870968,273,7.08552039244976e-06,0.000151318682173451,0,22.9867013582619,43054.3683484703,771.364339231071,2,28.228181703629,1.44152840365085,727.886187775143
669,23.7078300476074,32.6353088378906,20.2564081068329,370.55625,304,2.02449877598837e-05,0.0001563626382459,0,23.6389909744263,43336.4445042425,819.152178573056,2,28.171569442749,1.52823995251674,818.302568425468
699,22.6320690524194,32.9466472010459,18.9966407153152,372.195161290323,334,3.20569293155139e-05,0.000151318682173451,0,22.9202765914519,43594.024850437,717.297964753895,2,27.7893581267326,1.22113349351792,742.917566553735
730,22.3232551574707,31.5965906143189,17.7496238030145,373.741875,365,6.2074297108865e-05,0.0001563626382459,0,22.5331631433396,43759.0855600724,621.839532979171,2,26.9599228858948,1.27180541551206,677.398031908276
761,22.8482767105103,31.2683292388916,17.0309710245835,374.8459375,31,2.62127353622126e-05,0.000142395607986395,0,22.6938747950963,43759.0855600724,503.279929899204,2,27.058302974701,1.35785237234086,515.237789380743
789,22.0274144665948,30.3273317534348,17.1445301749495,375.613793103448,59,0.000125826555785727,0.00012861538785868,0,22.2116915297235,43601.8542087828,397.249286524314,2,26.1773731100149,1.1135201887067,445.306392152666
820,22.131400680542,30.3719583511353,16.5792275649125,376.4246875,90,0.000108453306719455,0.000142395607986395,0,22.0223546981812,43354.6571697198,375.241055869123,2,26.2516795158386,1.08289428771241,365.470188205611
850,22.3970807475429,30.6237387380293,16.1248388978167,377.688709677419,120,0.000133049355160091,0.000137802201277157,0,22.3479674167897,43072.6411441706,378.935234604813,2,26.5104097427861,0.969358053539068,398.319497004724
881,22.7894931793213,30.6850906372071,16.6874710292932,378.5728125,151,7.59027004211159e-05,0.000142395607986395,0,22.6693145025345,42813.6495945508,394.452786023775,2,26.7372919082642,0.985402338556014,384.87627898472
911,21.7335104665449,31.1386185184602,17.0825712470784,378.290322580645,181,5.83293998350508e-05,0.000137802201277157,0,22.1782745408206,42643.5395060741,406.76047354528,2,26.4360644925026,1.00001060127491,389.306535195942
942,21.7040124893189,31.8886047363281,18.4710654945968,376.749375,212,3.54296479202048e-05,0.000142395607986395,0,21.6168006079538,42636.5990642734,546.938673832183,2,26.7963086128235,0.919762763893232,489.056514749181
973,21.9553504943848,32.4805704116822,19.728577134537,374.4525,243,3.36369596245804e-05,0.000142395607986395,0,21.9223072233655,42798.9046728006,619.037562140278,2,27.2179604530335,1.08734974963591,610.719590320845
1003,22.090458826865,32.8759478169103,20.5404460342376,373.209032258065,273,2.80137843718303e-05,0.000137802201277157,0,21.9649589667489,43054.3683484703,644.115000772374,2,27.4832033218876,1.09133955361622,634.597137377661
1034,22.8043371200562,33.2215658187866,20.3035576915813,373.150625,304,2.37947450316915e-05,0.000142395607986395,0,22.6835797446115,43336.4445042425,769.248019041465,2,28.0129514694214,1.28281577141024,768.929158031215
1064,22.6332897555444,33.1702554025958,19.0902147312938,374.611290322581,334,3.40925713230004e-05,0.000137802201277157,0,22.6357337400844,43594.024850437,730.689664406065,2,27.9017725790701,1.11980974085389,720.842448024206
1095,22.6296621322632,32.2874475479126,17.7672415107203,375.9484375,365,2.40360143855982e-05,0.000142395607986395,0,22.6797848928543,43759.0855600724,669.696669249882,2,27.4585548400879,1.22174896928482,714.974094336399
1126,22.6228900909424,31.1953874588013,17.2199299500562,376.9684375,31,5.65808875572861e-05,8.10769207808854e-05,0,22.6982888993763,43759.0855600724,597.033856540457,2,26.9091387748718,1.00080744107254,633.290511283445
1155,21.8039235432943,30.3318979899089,16.8615742949402,377.841,60,0.00014542398698578,7.58461516982477e-05,0,21.9032827710349,43597.9521825614,398.351850371422,2,26.0679107666016,0.929393940791488,467.359651154678
1186,22.1035448074341,30.4753595352173,16.7188159234922,378.8484375,91,0.000127064664368288,8.10769207808854e-05,0,22.0580925986881,43345.563999061,379.699480241248,2,26.2894521713257,0.922312144277385,350.878546360001
1216,22.5961095010081,31.1228251795615,16.3731050460876,380.302580645161,121,9.8705120207973e-05,7.84615362395665e-05,0,22.4606619886173,43063.4925300801,414.252334758386,2,26.8594673402848,0.903391273091397,396.125937023129
1247,22.9300199508667,30.9221435546875,16.737723947604,380.6115625,152,9.19712404372657e-05,8.10769207808854e-05,0,22.9025975000291,42806.228562319,429.851885124759,2,26.9260817527771,0.860545972944237,427.500796871538
1277,21.5790452526462,30.9598288259199,17.0963145964475,379.72,182,5.27175619439564e-05,7.84615362395665e-05,0,21.9843637867824,42640.4268016917,410.520788125893,2,26.269437039283,0.965163022640251,430.011798984936
1308,21.6750198364258,31.738560295105,18.4496003332569,377.539375,213,4.35952419037171e-05,8.10769207808854e-05,0,21.5438258125669,42639.4297007785,496.538916096685,2,26.7067900657654,0.985983965743799,455.500290512362
1339,22.7596603393555,31.7903715133667,19.6981880844162,376.055625,244,2.95352965497548e-05,8.10769207808854e-05,0,22.3817864190964,42806.228562319,616.83581839626,2,27.2750159263611,1.05699338682462,595.611490891149
1369,23.0150863155242,32.858791031376,20.8020721063731,374.306774193548,274,1.58977591564518e-05,7.84615362395665e-05,0,22.9484738492014,43063.4925300801,708.432027503176,2,27.9369386734501,1.08629736947196,650.847371064527
1400,23.5136409759522,32.5802379608155,20.1755940956505,374.4534375,305,1.37683716373537e-05,8.10769207808854e-05,0,23.4735021409534,43345.563999061,801.863873581737,2,28.0469394683838,1.2442422779277,763.771140781412
1430,23.4854330739668,33.6535416141633,19.6499168437643,376.105161290323,335,6.21587117989171e-06,7.84615362395665e-05,0,23.4448476483745,43601.3567059108,822.925189651262,2,28.5694873440651,1.40287840222159,812.112884615974
1461,23.2544437408447,32.2006917953491,17.865441597959,377.4678125,366,3.98877121990301e-05,7.84615362395665e-05,0,23.4212426049369,43762.0088377366,819.578904854647,2,27.7275677680969,1.35291873413371,878.049907567852
1492,23.3694816589356,32.0326038360596,17.1419459239969,378.4303125,31,5.13548785279008e-05,0.000194857139421811,0,23.3155659539359,43758.8119473318,669.571701477172,2,27.7010427474976,1.23961492336821,691.287780719334
1520,22.528519413389,30.890223220299,17.0230743916258,379.686206896552,59,0.000130909802430244,0.00017599999689712,0,22.7186167649643,43601.8542087828,477.868068635167,2,26.7093713168441,1.12865123968443,545.251547179985
1551,22.7836395263672,31.1331439971924,16.6344219706807,380.7375,90,0.000134010270481732,0.000194857139421811,0,22.7955324354626,43354.6571697198,445.287260034979,2,26.9583917617798,0.936935490230098,471.477242474787
1581,22.9862550797001,31.067779344128,15.9322164934597,382.240967741935,120,0.000177367980230261,0.000188571425246914,0,22.8243818291871,43072.6411441706,476.4586061069,2,27.0270172119141,0.963476078704961,437.408626764984
1612,22.8255668640137,30.8412805557251,16.5962981734208,382.445,151,0.000114940547520955,0.000194857139421811,0,22.9146481286912,42813.6495945508,422.623837268768,2,26.8334237098694,0.899775794241577,463.736377288681
1642,22.2339839812248,31.7983534289945,17.0660531588081,382.217741935484,181,3.77709256438199e-05,0.000188571425246914,0,22.420063155917,42643.5395060741,457.213170288226,2,27.0161687051096,1.00646140137988,427.303799942358
1673,21.9305292129517,32.072716331482,18.5193909946799,380.7859375,212,2.61331445830332e-05,0.000194857139421811,0,21.9444671176729,42636.5990642734,493.481423281092,2,27.0016227722168,0.972969517344609,472.287233391561
1704,22.5294033050537,33.4260908126831,19.6475361645397,378.8025,243,1.3072618575483e-05,0.000194857139421811,0,22.4593809491112,42798.9046728006,647.64465039911,2,27.9777470588684,1.09322305966634,627.706528977469
1734,21.9362229870212,33.0476515246976,20.9973853958184,376.765806451613,273,1.6318173125167e-05,0.000188571425246914,0,22.0659970894387,43054.3683484703,706.963533572242,2,27.4919372558594,1.3305780132932,639.895503760425
1765,23.3829351425171,33.6533485412598,20.4059396192327,376.990625,304,1.56501998123741e-05,0.000194857139421811,0,22.9263341812861,43336.4445042425,801.000541190804,2,28.5181418418885,1.36439955257811,786.353850727647
1795,23.5946751748362,33.7484443910661,19.1463976342607,378.306451612903,334,2.50832466403168e-05,0.000188571425246914,0,23.5852980278238,43594.024850437,849.562408007547,2,28.6715597829511,1.34180164313124,846.186873161115
1826,21.6976495742798,31.2429138183594,17.5309603053991,380.055,365,0.000111868166208328,0.000194857139421811,0,22.2775250661941,43759.0855600724,552.598399360343,2,26.4702816963196,0.937974605592899,638.770448163274
1857,22.4255100250244,31.0790077209473,17.0849934513888,381.3403125,31,9.63737044313432e-05,2.14615382911678e-05,0,22.0203954424177,43759.0855600724,467.441491492165,2,26.7522588729859,0.984734254423529,458.522841420194
1885,22.2471147208378,30.7384666705954,17.1568849998663,382.171724137931,59,0.000128794867411778,1.93846152307322e-05,0,22.4554304652222,43601.8542087828,479.256562077414,2,26.4927906957166,0.983844199571116,518.491919009236
1916,22.2263875961304,30.5519872665406,16.3758320159824,382.6553125,90,0.000113307698944538,2.14615382911678e-05,0,22.2045920508249,43354.6571697198,424.411614533015,2,26.3891874313355,0.930176819005283,438.125221670376
1946,22.2815756520918,30.4993648405998,16.2188924029233,384.547419354839,120,0.000105509554646344,2.0769230604356e-05,0,22.2772065755959,43072.6411441706,387.475357091422,2,26.3904702463458,0.906891469633387,386.235887203414
1977,22.3748832702637,30.2359338760376,16.6177218959994,385.016875,151,0.000101450354752139,2.14615382911678e-05,0,22.3665644600278,42813.6495945508,335.305239366818,2,26.3054085731507,0.780054273520363,335.188731215998
2007,21.5080623503654,31.1387632308468,17.2864776969674,384.081612903226,181,6.85015799453808e-05,2.0769230604356e-05,0,21.723043171638,42643.5395060741,438.780478987223,2,26.3234127906061,0.891437367866597,401.163337103335
2038,21.8072353363037,31.9649501800537,18.3420372586465,382.5096875,212,3.27749601862812e-05,2.14615382911678e-05,0,21.7280572073801,42636.5990642734,563.40588468272,2,26.8860927581787,1.00058252271265,480.325579461525
2069,22.4542041778565,33.0334974288941,19.6288258063453,380.4740625,243,1.01217418286195e-05,2.14615382911678e-05,0,22.2341291155134,42798.9046728006,691.002013004755,2,27.7438508033753,1.18058196164202,694.396091131541
2099,22.6362194430444,34.0116220781881,21.0540017245754,378.900322580645,273,1.03811210314794e-05,2.0769230604356e-05,0,22.6221635434668,43054.3683484703,805.923150696214,2,28.3239207606162,1.27562262923006,745.897687398569
2130,23.8056283950806,33.8686529159546,20.2984796299426,379.12125,304,1.65236176837122e-05,2.14615382911678e-05,0,23.5378022239322,43336.4445042425,836.161159465379,2,28.8371406555176,1.39376027684193,834.877508227101
2160,22.1858616982737,32.6710616573211,18.9250538425055,380.117096774193,334,5.87888830770166e-05,2.0769230604356e-05,0,22.6574394261233,43594.024850437,698.426724842163,2,27.4284616777974,1.18132019151122,815.562634272989
2191,22.3184381484986,32.4570070266724,17.9097149314921,381.7678125,365,5.60418080296934e-05,2.14615382911678e-05,0,22.3499933242798,43759.0855600724,611.530836884853,2,27.3877225875855,1.256558649824,584.494165776819
2222,23.0617385864258,31.3143688201905,17.1206084719835,382.8565625,31,5.7675926460048e-05,0.000128087915792283,0,22.6951026734852,43759.0855600724,604.198251699397,2,27.1880537033081,1.32176376797725,608.251950666342
2250,22.2765252475081,30.6404505236396,16.9718911857159,383.865172413793,59,8.92477774707746e-05,0.000115692311038192,0,22.6620959552834,43601.8542087828,496.366128460916,2,26.4584878855738,1.09973120014986,530.828829227924
2281,21.6634956359864,30.1575981140137,16.3664761025467,384.55875,90,0.000168590457957948,0.000128087915792283,0,21.7452554975237,43354.6571697198,335.77063041099,2,25.910546875,1.01453918055631,395.622697765599
2311,22.2576321509577,30.502585921749,16.5313548473783,386.438064516129,120,0.000108890592611572,0.000123956047540919,0,22.1630082044001,43072.6411441706,355.759038338726,2,26.3801090363534,0.994496981583295,319.631055273152
2342,22.7274538040161,30.8895450592041,16.8167107450913,386.558125,151,6.65214822360286e-05,0.000128087915792283,0,22.539624105181,42813.6495945508,376.72607098812,2,26.8084994316101,0.885588997713057,357.118419138248
2372,21.5943089638987,31.2214914629537,17.1251325860653,386.114838709677,181,4.37616309977272e-05,0.000123956047540919,0,21.9481120447959,42643.5395060741,407.510086379068,2,26.4079002134262,0.982376532088364,420.128556258276
2403,21.6704107284546,31.7168384552002,18.4715647170951,384.55,212,3.85125473603956e-05,0.000128087915792283,0,21.6003703435262,42636.5990642734,532.599158974524,2,26.6936245918274,1.03666381363291,467.414255175864
2434,21.9175306320191,32.4454055786133,19.7477454440008,382.0684375,243,2.49640135278598e-05,0.000128087915792283,0,21.9470193317958,42798.9046728006,585.143633558774,2,27.1814681053162,1.10094024287537,593.760530028585
2464,22.9695383379537,32.5589213709678,20.785960870788,380.993225806452,273,7.07536148008449e-06,0.000123956047540919,0,22.5584404495638,43054.3683484703,666.736484674148,2,27.7642298544607,1.20969046423993,595.464760232249
2495,22.3422428131104,33.0117136001587,20.3601471978096,381.115,304,2.06452397997233e-05,0.000128087915792283,0,22.5954530625116,43336.4445042425,715.648407555263,2,27.6769782066345,1.18722621328197,709.542691072553
2525,22.63515625,33.1235024729083,19.1462021172082,382.407096774194,334,2.13601584271428e-05,0.000123956047540919,0,22.5258708338584,43594.024850437,773.40328859451,2,27.8793293614542,1.37486190997785,764.782515916725
2556,21.7637916564942,31.4532953262329,17.5377661923657,383.8934375,365,9.71250130270841e-05,0.000128087915792283,0,22.0357376552764,43759.0855600724,579.944013303355,2,26.6085434913635,1.07257692574058,653.268946814638
2587,21.4189287185669,29.9717975616455,17.1109970613743,385.470625,31,7.81404151476293e-05,0.000129109891681615,0,21.5040824799311,43759.0855600724,441.242487971385,2,25.6953631401062,1.07226427202113,512.180422306022
2616,21.600478108724,29.9118265787761,16.6584841203546,385.81,60,0.000108509481155744,0.000120780221250543,0,21.5872674366785,43597.9521825614,383.187591876394,2,25.75615234375,1.10011362110575,356.80383821836
2647,21.5457864761353,29.624169921875,16.4009717493054,386.0234375,91,0.000144990831758522,0.000129109891681615,0,21.4960245223273,43345.563999061,407.557234078942,2,25.5849781990051,0.891794815659523,439.160970761482
2677,21.8225578061996,30.378542795489,16.3764528884643,387.171935483871,121,0.000115335283516912,0.000124945056466079,0,21.6869737381942,43063.4925300801,366.440622316591,2,26.1005503008443,0.914497574731227,340.163797168353
2708,22.301696395874,29.9774709701538,16.4955812448639,388.4984375,152,0.000108010459529618,0.000129109891681615,0,22.2458974111648,42806.228562319,297.767284607231,2,26.1395836830139,0.818017625482753,339.771722667097
2738,21.6496648973035,31.0803506174395,17.1954966729737,387.785161290323,182,7.30759756672233e-05,0.000124945056466079,0,21.7473397109915,42640.4268016917,359.115990956477,2,26.3650077573715,0.808426102563258,316.726907190524
2769,21.8269401550293,32.0629430770874,18.4451060135231,386.40375,213,2.49889304683096e-05,0.000129109891681615,0,21.8774222237723,42639.4297007785,603.912531912933,2,26.9449416160584,0.959341300069354,502.007891546807
2800,22.3240819931031,33.1146827697754,19.7601703158171,384.1609375,244,1.69340057553088e-05,0.000129109891681615,0,22.0821955817087,42806.228562319,662.521367086778,2,27.7193823814392,1.16198030265514,648.717653017561
2830,22.5726178569179,33.1189346805696,20.7427983885855,383.20935483871,274,1.8263170182035e-05,0.000124945056466079,0,22.4099652596516,43063.4925300801,698.750344564931,2,27.8457762687437,1.2534994430119,705.546096742625
2861,23.394979095459,32.7108446121216,20.2228001827241,382.9959375,305,3.36685508365115e-05,0.000129109891681615,0,23.1803022838774,43345.563999061,765.639739361685,2,28.0529118537903,1.13061944535002,757.225631700626
2891,23.3327693816154,32.4302120085686,18.85140041151,384.151290322581,335,3.69419768485079e-05,0.000124945056466079,0,23.4602400397376,43601.3567059108,762.183328678865,2,27.881490695092,1.12783132775897,787.271905475849
2922,21.9128414154053,31.5706516265869,17.6623872602278,385.5171875,366,0.000107004971989904,0.000124945056466079,0,22.3306786037627,43762.0088377366,620.089139879628,2,26.7417465209961,0.849744995532092,660.247702123651
2953,21.874977684021,30.3702827453614,17.1217336915066,386.896875,31,7.60089472653715e-05,0.000502813168658087,0,21.8907827014015,43758.8119473318,426.997660036075,2,26.1226302146912,0.939329428074416,483.162882029931
2981,21.543663498451,29.8285398285965,17.1445485950214,387.461379310345,59,0.000177935556991863,0.000454153829755691,0,21.7343854832141,43601.8542087828,364.648607942436,2,25.6861016635237,1.0352805654422,370.98426903345
3012,21.8490396499634,30.1829830169678,16.9036401955464,388.778125,90,0.000134732527916358,0.000502813168658087,0,21.6606923784529,43354.6571697198,336.081846626465,2,26.0160113334656,0.956409636535682,337.021119086612
3042,22.0295575541835,30.2934558499244,16.3562713602525,389.526451612903,120,6.49837557370729e-05,0.000486593389023955,0,22.0327463363906,43072.6411441706,344.472452307007,2,26.1615067020539,1.0642151683569,347.724477652857
3073,22.0955835342407,29.8782640457154,16.6876232728814,390.1215625,151,8.25297253702169e-05,0.000502813168658087,0,22.1059620085217,42813.6495945508,300.73948651349,2,25.9869237899781,0.832280389266089,334.67651039553
3103,21.6136137931578,30.570203030494,17.1664748738386,389.501290322581,181,6.54477473670856e-05,0.000486593389023955,0,21.7753720988143,42643.5395060741,302.961542247898,2,26.0919084118259,0.826446082983767,249.933544813455
3134,21.9953580856323,31.9356094360352,18.0820608811117,388.0753125,212,3.16022279045545e-05,0.000502813168658087,0,21.7927020663307,42636.5990642734,513.499801308838,2,26.9654837608338,0.978325498639606,450.268782150669
3165,22.8284641265869,33.5157886505127,19.7734299584843,386.17,243,1.13984863902855e-05,0.000502813168658087,0,22.6578120095389,42798.9046728006,716.352141165273,2,28.1721263885498,1.20960203825962,654.959925071023
3195,23.1274421938004,34.0118898453251,20.9006999151186,384.784193548387,273,6.30597844221906e-06,0.000486593389023955,0,23.0734070011731,43054.3683484703,764.652211365947,2,28.5696660195628,1.59058321724015,785.95412114022
3226,23.6862312316895,33.8515487670899,20.3622724595947,384.4396875,304,8.85828802914377e-06,0.000502813168658087,0,23.5047846567064,43336.4445042425,849.859334690577,2,28.7688899993897,1.54583503468893,813.563865947751
3256,23.6577195690525,33.6844145744078,19.1133117296728,385.968709677419,334,1.53049239912541e-05,0.000486593389023955,0,23.5925702119936,43594.024850437,723.725236132384,2,28.6710670717301,1.45837127585565,743.098922372732
3287,22.7144914627075,32.1071134567261,17.6136095073189,387.37625,365,8.16723278184753e-05,0.000502813168658087,0,23.1517361958822,43759.0855600724,792.444061648669,2,27.4108024597168,1.24405825266149,890.519713123733
3318,22.5301452636719,31.2111183166504,17.0346747881711,388.6696875,31,8.22025972123489e-05,4.19011006930045e-05,0,22.4702003388178,43759.0855600724,525.172078717362,2,26.8706317901612,1.26812504749978,506.853285951481
3346,22.794587444437,30.9623583563443,17.0417444316901,390.148620689655,59,0.000114103043912181,3.78461554646492e-05,0,22.7332509709501,43601.8542087828,448.090660780808,2,26.8784729003906,1.30307924285017,498.305521319465
3377,22.9887062072754,31.5677925109864,16.748041331948,391.1396875,90,7.73038666373322e-05,4.19011006930045e-05,0,23.0776365643456,43354.6571697198,490.081274221646,2,27.2782493591309,1.32832117297221,481.689976089586
3407,22.7941813807334,30.9153666834678,16.1119284917619,392.418387096774,120,0.000128070718877069,4.05494522835527e-05,0,22.6721747754356,43072.6411441706,426.784606735175,2,26.8547740321006,0.88277090614241,448.406918558398
3438,23.2972150802613,31.1764513015747,16.6439956000956,392.983125,151,0.000108293180052325,4.19011006930045e-05,0,23.1726483208793,42813.6495945508,395.468727376685,2,27.236833190918,0.774011134519242,396.003572876799
3468,21.9091617707284,31.1175495762979,17.0235355438265,392.177419354839,181,4.70583280355746e-05,4.05494522835527e-05,0,22.3835835868496,42643.5395060741,419.073467899171,2,26.5133556735131,0.756317666656668,405.578032696089
3499,21.9394432067871,31.6225229263306,18.1719941043657,390.2609375,212,3.5917737585825e-05,4.19011006930045e-05,0,21.9611646833874,42636.5990642734,555.322723856968,2,26.7809830665589,0.843034439050825,527.897319274917
3530,22.4551740646363,32.9127861022949,19.6364179037791,388.4078125,243,2.03933689517774e-05,4.19011006930045e-05,0,22.306044560387,42798.9046728006,612.431711921137,2,27.6839800834656,0.94180179637624,583.275210617249
3560,22.9649429813508,33.9000685168851,20.84816229734,386.898387096774,273,1.01425120870177e-05,4.05494522835527e-05,0,22.7979451684908,43054.3683484703,687.93289006105,2,28.432505749118,1.40186273595018,658.704242947805
3591,23.761286354065,33.6448246002197,20.4343267108332,387.2278125,304,1.04846281474483e-05,4.19011006930045e-05,0,23.5307859057472,43336.4445042425,897.027866088412,2,28.7030554771424,1.20775887311902,848.232918384208
3621,22.8755382907006,33.1859493132561,19.1173972018696,388.623870967742,334,4.95918662393791e-05,4.05494522835527e-05,0,23.1709276799966,43594.024850437,793.593452246774,2,28.0307438019784,1.07722393321174,866.12983332539
3652,22.083757019043,31.9804979324341,17.8946550980404,389.755,365,6.05268467574799e-05,4.19011006930045e-05,0,22.3376496905373,43759.0855600724,629.642808591709,2,27.0321274757385,0.878534136689268,657.552941001526
3683,21.7176261901856,30.1649280548096,16.7980032782371,391.281875,31,6.68013575964696e-05,0.00013456044297737,0,21.7513000215803,43759.0855600724,417.294147069157,2,25.9412771224976,1.00607242516708,486.310038412456
3711,21.6730948612608,30.1150514799973,17.311012302787,391.841724137931,59,0.000138508183944051,0.000121538464624721,0,21.7114764033476,43601.8542087828,328.578357698076,2,25.894073170629,0.89598502090265,352.57347831076
3742,22.0559230804444,30.1667009353638,16.6979367973261,392.576875,90,0.000129223826978613,0.00013456044297737,0,21.9381660098122,43354.6571697198,357.869112290531,2,26.1113120079041,0.864536320208572,355.747185407311
3772,22.2675897413685,30.4561174946447,16.0381129905449,393.229032258065,120,0.000138313813489461,0.000130219783526487,0,22.167369171002,43072.6411441706,349.558701037306,2,26.3618536180066,0.781575536775974,336.915834736426
3803,23.1415649414063,30.6404376983643,16.7085924637806,394.160625,151,9.3917217798741e-05,0.00013456044297737,0,22.9503480638777,42813.6495945508,335.996115482412,2,26.8910013198853,0.8632466935087,354.758209100809
3833,22.4736651020665,31.5482835338962,16.9380609090407,393.754516129032,181,5.60864643332082e-05,0.000130219783526487,0,22.6997841361847,42643.5395060741,420.474229280821,2,27.0109743179814,0.953471083584572,389.510669667757
3864,22.0905166625977,31.895352935791,18.2230990442662,392.5484375,212,3.89274373669486e-05,0.00013456044297737,0,22.0692093531291,42636.5990642734,444.301060032037,2,26.9929347991944,0.972462366451509,421.303582018401
3895,22.7684198379517,33.2938276290894,19.8074749314176,390.204375,243,2.07970737541963e-05,0.00013456044297737,0,22.6450248718262,42798.9046728006,692.977862588816,2,28.0311237335205,1.22444755537435,622.875048356667
3925,23.0499078566028,33.7724321919103,20.7627320467524,389.113870967742,273,6.95138469402602e-06,0.000130219783526487,0,22.862919576853,43054.3683484703,689.83286831287,2,28.4111700242566,1.32247678791323,672.356869497165
3956,23.0594478607178,33.2202058792114,20.2701148191178,389.0025,304,2.60392486493376e-05,0.00013456044297737,0,23.1933386484782,43336.4445042425,807.808805621458,2,28.1398268699646,1.25617381744087,789.28093726206
3986,22.6718541299143,32.5666708669355,18.8447146806781,390.238709677419,334,2.99226781813152e-05,0.000130219783526487,0,22.7212751209827,43594.024850437,657.493713530968,2,27.6192624984249,1.03432558236584,712.268651779127
4017,22.7590776443482,32.3406044006348,17.7517658672591,391.810625,365,3.05585511241307e-05,0.00013456044297737,0,22.8518059412639,43759.0855600724,702.91356110711,2,27.5498410224915,1.3748940823134,698.708292136017
4048,21.9039951324463,30.4490524291992,17.0178459047923,393.080625,31,7.11012331366102e-05,0.000274230775315888,0,22.116389983041,43759.0855600724,446.033816790098,2,26.1765237808228,1.20003682444803,551.305726677408
4077,21.6511413574219,29.8344868977865,16.7842600310497,393.835333333333,60,0.000111014516866941,0.000256538467230992,0,21.7596375964937,43597.9521825614,422.330889451945,2,25.7428141276042,0.912120682373643,392.592167857458
4108,22.0675807952881,30.2219110488892,16.5566652706617,394.383125,91,0.000119578327389883,0.000274230775315888,0,21.7992217018491,43345.563999061,374.24454488698,2,26.1447459220886,1.00385028077289,387.945058929244
4138,22.6896793488534,30.6790326518397,16.4131561114722,396.122580645161,121,8.4112025947873e-05,0.00026538462127344,0,22.5069278558828,43063.4925300801,363.882258417257,2,26.6843560003466,1.00070444374315,369.432039714653
4169,22.8841320037842,30.736155128479,16.5668107667433,396.7225,152,6.36024108359811e-05,0.000274230775315888,0,22.864077549889,42806.228562319,397.401289964497,2,26.8101435661316,1.07303695951123,396.288087813732
4199,21.966442280431,31.0943384970388,17.0814813566996,395.743225806452,182,3.68909417208134e-05,0.00026538462127344,0,22.3588809433804,42640.4268016917,454.361242845475,2,26.5303903887349,0.920112160124606,426.705982242909
4230,21.8980308532715,31.5673614501953,18.2903538265894,394.4021875,213,3.70922267052111e-05,0.000274230775315888,0,21.7083727337065,42639.4297007785,527.840471259822,2,26.7326961517334,0.845199890609365,496.542669721626
4261,22.5884233474732,32.8042007446289,19.5413826322189,392.4515625,244,1.72061859358012e-05,0.000274230775315888,0,22.5101258686611,42806.228562319,612.172308235805,2,27.696312046051,1.08889885665849,598.527712723041
4291,23.1317432034401,32.7907693186114,20.9153475928417,391.151290322581,274,1.1827339756769e-05,0.00026538462127344,0,22.8866747221822,43063.4925300801,705.977850612592,2,27.9612562610257,1.38784524659446,630.244663734867
4322,23.5015483856201,33.2340160369873,20.3014568289251,391.051875,305,1.56213632371752e-05,0.000274230775315888,0,23.4022711163475,43345.563999061,726.018813032149,2,28.3677822113037,1.23422693554312,749.143875283455
4352,23.5603232106855,33.5261258033015,18.8469091528533,392.917741935484,335,2.80468471596528e-05,0.00026538462127344,0,23.5305862450197,43601.3567059108,781.534559799978,2,28.5432245069935,1.05764056243483,757.681751998548
4383,22.1399026870728,31.3081747055054,17.4538505694306,394.2975,366,5.64968731490386e-05,0.00026538462127344,0,22.5562985556467,43762.0088377366,607.525606964238,2,26.7240386962891,1.04974404280074,691.670131926074
4414,22.4564043045044,31.0434232711792,17.0948909303654,395.5121875,31,7.83098758254782e-05,3.88351655891421e-05,0,22.3622075762068,43758.8119473318,426.188337876956,2,26.7499137878418,1.10815878107678,467.902739995176
4442,22.3365680563039,30.4308568494073,16.9205614523591,396.756896551724,59,0.000124224594670575,3.50769237579348e-05,0,22.3970889237127,43601.8542087828,392.128231319263,2,26.3837124528556,1.1190756165005,381.280240315103
4473,22.5565734863281,30.6719480514527,16.6790717045815,397.4103125,90,0.000129515855297961,3.88351655891421e-05,0,22.5231194995699,43354.6571697198,384.686744269527,2,26.6142607688904,1.02470626670402,406.911128469855
4503,22.8938261955016,30.9956515404486,16.4478402428683,398.378387096774,120,0.000146841751133403,3.7582418312073e-05,0,22.7704720820882,43072.6411441706,381.083260243747,2,26.944738867975,0.987257937254805,384.695431802491
4534,22.8791509628296,30.6881538391114,16.6860568754798,399.7371875,151,0.000107974851476523,3.88351655891421e-05,0,22.9308273042951,42813.6495945508,331.985442822958,2,26.7836524009705,0.938956337122363,319.344893688292
4564,22.3369916362147,31.5576691658266,17.1851651566027,398.638064516129,181,3.49009693633072e-05,3.7582418312073e-05,0,22.5159593245218,42643.5395060741,434.002164630899,2,26.9473304010207,0.969657913210892,428.074882478717
4595,21.7082944869995,31.1931367874146,17.8808800515319,397.36,212,6.33159507065026e-05,3.88351655891421e-05,0,21.8453819910686,42636.5990642734,473.948801238075,2,26.4507156372071,0.843655203236267,430.031642165447
4626,22.431356048584,32.4351650238037,19.7233775600552,395.26625,243,2.48339071239666e-05,3.88351655891421e-05,0,22.2116675876436,42798.9046728006,566.080371183074,2,27.4332605361939,0.883959986051195,574.297266599078
4656,22.7630209645918,33.0241323163432,20.5377546605315,393.506451612903,273,1.52032630803182e-05,3.7582418312073e-05,0,22.5959699920795,43054.3683484703,589.805081301179,2,27.8935766404675,1.12064026982614,550.035837804312
4687,23.5435806274414,33.1836458206177,20.281004007887,393.6921875,304,1.90250532043413e-05,3.88351655891421e-05,0,23.321973782494,43336.4445042425,731.24444412848,2,28.3636132240296,1.20064459065907,700.190638551763
4717,22.4482754615046,32.3674412881174,18.7871724635633,395.112903225806,334,3.0883822219844e-05,3.7582418312073e-05,0,22.8277866252191,43594.024850437,655.905634161925,2,27.407858374811,1.09146700835516,715.751467911683
4748,22.8777328491211,32.3332744598389,17.5589310738049,396.7875,365,3.68497258194205e-05,3.88351655891421e-05,0,22.7737869807652,43759.0855600724,619.696146723213,2,27.60550365448,1.10169911751291,630.258376366352
4779,22.5167270660401,30.9540592193604,17.2632157538646,397.8184375,31,5.68780475870806e-05,8.92527427672726e-05,0,22.6376921154204,43759.0855600724,496.499528634124,2,26.7353931427002,1.0898604207905,557.894502621329
4807,21.9946007037985,30.223001624798,16.9878558186798,398.004482758621,59,0.00012326537755905,8.06153805639881e-05,0,22.1415974133121,43601.8542087828,393.805799166334,2,26.1088011642983,0.951007027757065,414.549080217406
4838,22.3204732894898,30.4051738739014,16.6094460522862,399.715,90,0.000134488317042541,8.92527427672726e-05,0,22.207164655413,43354.6571697198,386.113092127565,2,26.3628235816956,1.03071454749443,368.393726708055
4868,22.6614899666079,30.6868264475177,16.3034882288943,401.328064516129,120,0.000125575429669092,8.63736220328444e-05,0,22.5525602607317,43072.6411441706,400.561804889299,2,26.6741582070628,0.927649935286853,391.846946995133
4899,22.9825988769531,30.5179487228394,16.493855063397,401.7675,151,0.000105441619909677,8.92527427672726e-05,0,22.911698005313,42813.6495945508,372.046149669396,2,26.7502737998963,0.800945279886946,388.770127959127
4929,22.3847703503025,31.2588469474547,16.7927504118464,401.267096774194,181,8.38574100196243e-05,8.63736220328444e-05,0,22.6247578657535,42643.5395060741,431.012166701529,2,26.8218086488786,0.899467877082286,400.363681327101
4960,22.0918632507324,31.668042755127,18.05313415035,399.1671875,212,3.79091209143893e-05,8.92527427672726e-05,0,22.1604871568226,42636.5990642734,501.762161590396,2,26.8799530029297,0.97420651227003,471.75490724804
4991,23.1175828933716,32.5184322357178,19.66146817688,397.0946875,243,1.88970946467008e-05,8.92527427672726e-05,0,22.7893541699364,42798.9046728006,632.631307485407,2,27.8180075645447,1.0235387806315,572.577146636204
5021,23.3255258867818,33.5822299095892,20.6548199656301,395.433225806452,273,2.14039419681126e-05,8.63736220328444e-05,0,23.2179569086172,43054.3683484703,700.976905735883,2,28.4538778981855,1.29507245375745,684.317720240016
5052,23.4494358062744,32.5510860443115,20.3023375666117,396.0096875,304,1.77187675162692e-05,8.92527427672726e-05,0,23.4916294461205,43336.4445042425,815.630220436244,2,28.000260925293,1.24768384499475,819.077005860319
5082,23.4220805506553,33.2819969915575,19.027665319365,397.239677419355,334,1.77310431523708e-05,8.63736220328444e-05,0,23.4807176628054,43594.024850437,720.504098780052,2,28.3520387711064,1.36829850828696,738.593071156515
5113,23.2509094238281,32.3794618606568,17.6738076346143,398.8590625,365,3.33897505481952e-05,8.92527427672726e-05,0,23.2614509310042,43759.0855600724,657.975931216631,2,27.8151856422425,1.35400584328454,693.299445586817
5144,22.3884292602539,30.9122835159302,17.0863825867398,399.9465625,31,6.03904973012754e-05,0.000108329672302416,0,22.6059642791748,43759.0855600724,544.296866913337,2,26.6503563880921,1.0510838428745,618.563019472274
5172,22.3381539180361,30.6351657209726,17.0006662300789,400.269655172414,59,9.17864503875036e-05,9.78461556279888e-05,0,22.3827096322096,43601.8542087828,436.077124778863,2,26.4866598195043,1.09169298384724,402.188352688457
5203,22.0004545211792,30.1676727294922,16.4942617302193,401.500625,90,0.000147528578944677,0.000108329672302416,0,22.0864283970424,43354.6571697198,344.294929079359,2,26.0840636253357,0.975726634984312,397.735002762839
5233,22.5482195454259,30.7438057191911,16.2873668355763,403.223870967742,120,0.000132345333590162,0.000104835166744274,0,22.3100647253925,43072.6411441706,379.521267986014,2,26.6460126323085,1.04108811308059,356.216077625542
5264,22.9530979156494,30.6797567367554,16.6221805994165,403.93875,151,0.000103831450666877,0.000108329672302416,0,22.8075642177037,42813.6495945508,363.972529806456,2,26.8164273262024,0.922380499308929,348.396447598087
5294,22.4130138766381,31.5044406029486,17.1918625884296,402.837419354839,181,4.70320426661574e-05,0.000104835166744274,0,22.6890435894147,42643.5395060741,443.341464639891,2,26.9587272397933,0.991639232082713,422.021415539285
5325,22.3955513000489,32.0591550827027,18.035804474549,401.3565625,212,6.09839085424877e-05,0.000108329672302416,0.00222222227603197,22.3619470868792,42636.5990642734,527.500381458163,2,27.2273531913758,1.09006362190848,470.812673050601
5356,23.2063718795777,33.5876203536988,19.5213267000162,399.004375,243,9.32373379195881e-06,0.000108329672302416,0,22.9143781480335,42798.9046728006,611.309587310888,2,28.3969961166382,1.26784785662312,587.557479100159
5386,24.3666970529864,34.1615746282762,20.7705778128657,397.671935483871,273,2.45491657094459e-06,0.000104835166744274,0,23.9548156925794,43054.3683484703,799.949564799432,2,29.2641358406313,1.48244853293703,744.62123040248
5417,25.6205488204956,34.9856420516968,20.2952559019563,398.269375,304,8.77547490635774e-06,0.000108329672302416,0,25.2442654927572,43336.4445042425,967.897570957751,2,30.3030954360962,1.78192881331779,788.701634351886
5447,24.5272608603201,34.3711713237147,18.9329783629734,400.099677419355,334,1.68767637319073e-05,0.000104835166744274,0,24.9291625039003,43594.024850437,1036.4264207151,2,29.4492160920174,1.3816529968453,1119.35845321413
5478,24.2495180130005,33.518062210083,17.7097077241351,401.7971875,365,1.56658494358478e-05,0.000108329672302416,0.00333333341404796,24.4864921388172,43759.0855600724,918.765373264448,2,28.8837901115418,1.37195720977616,1003.09116250228
5509,24.0338274002075,32.2782903671265,17.0011977638997,402.5378125,31,3.68501087419926e-05,0.000192131863773933,0,24.0473043169295,43759.0855600724,732.235639339948,2,28.156058883667,1.19130069832318,847.047483563634
5538,22.5339294433594,29.3350301106771,16.8482666706898,404.068,60,0.000113324581547195,0.000179736259659486,0,22.9119651673332,43597.9521825614,411.534538118271,2,25.9344797770182,1.30984926049908,439.993741815445
5569,23.2485939025879,31.0089365005493,16.3821742227438,404.8465625,91,0.000162884691895917,0.000192131863773933,0,23.0662096840995,43345.563999061,454.335674342752,2,27.1287652015686,1.10137984983157,451.930031109985
5599,23.3305858981225,31.3076947612147,16.0881780971453,407.366774193548,121,0.000159648615481543,0.00018593406171671,0,23.2381204490837,43063.4925300801,423.69810990539,2,27.3191403296686,1.05682938738215,436.237548620524
5630,23.9051958084107,31.6818948745728,16.4946529564724,407.7115625,152,7.9076661306473e-05,0.000192131863773933,0,23.7471634365264,42806.228562319,396.762723927288,2,27.7935453414917,1.00671300457907,386.947184892704
5660,22.7051990139869,31.9156433105469,17.1052602550142,406.858709677419,182,3.88659457741065e-05,0.00018593406171671,0,23.1405435166601,42640.4268016917,467.190158634607,2,27.3104211622669,0.96032569485326,462.718980484026
5691,22.8236566543579,32.6381517410279,18.3244498458996,404.485625,213,3.57783172369949e-05,0.000192131863773933,0,22.7090084711711,42639.4297007785,544.135023256433,2,27.7309041976929,1.02512356638908,479.354164034712
5722,23.5889354705811,33.3453832626343,19.7037527586516,402.336875,244,2.26447807516644e-05,0.000192131863773933,0,23.396836580549,42806.228562319,669.775251690099,2,28.4671593666077,1.17037261370569,671.513573413261
5752,23.0273090977823,33.1629055884577,20.3805379296464,401.08935483871,274,3.30815176349266e-05,0.00018593406171671,0,23.1976265293479,43063.4925300801,658.612335378866,2,28.09510734312,1.1318743394147,613.583202162203
5783,23.607119178772,33.4252172470093,20.2264834944339,401.573125,305,2.5182646465614e-05,0.000192131863773933,0,23.4581967126755,43345.563999061,719.899789983445,2,28.5161682128906,1.36083480005618,720.544928345945
5813,23.6355441185736,33.747447155368,19.0779913475869,403.486774193548,335,1.39769638953452e-05,0.00018593406171671,0,23.5508620114188,43601.3567059108,678.979182214239,2,28.6914956369708,1.43960952001714,689.22907910525
5844,22.4949766159058,31.6421314239502,17.4213828204146,404.421875,366,0.000112720158674632,0.00018593406171671,0,22.8682994660877,43762.0088377366,632.430176173008,2,27.068554019928,1.28838554152753,715.400815289991
5875,22.1472927093506,30.6163278579712,17.0738752531564,406.11625,31,8.94996619729165e-05,0.000269802189994972,0,22.1945401872908,43758.8119473318,459.487518289366,2,26.3818102836609,1.06293079955503,474.635862719118
5903,22.2846071440598,30.3709645238416,16.7742959851278,406.45,59,8.51150951247276e-05,0.00024369230064062,0,22.3433511267351,43601.8542087828,419.13235819413,2,26.3277858339507,1.02814276355865,437.834612746055
5934,22.1724124908447,30.2328706741333,16.3880090479384,407.19625,90,7.11379455519019e-05,0.000269802189994972,0,22.1006122134981,43354.6571697198,378.50274406374,2,26.202641582489,1.0358583938214,399.976127505073
5964,22.7505481350807,30.8889453518776,16.257145399861,408.981290322581,120,0.000103510010376623,0.000261098893543521,0,22.5643575782601,43072.6411441706,392.988400924525,2,26.8197467434791,0.922102955620616,341.706788500425
5995,23.5550132751465,31.5682655334473,16.7937097558084,409.6696875,151,8.18446100184436e-05,0.000269802189994972,0,23.345165734064,42813.6495945508,432.353886284527,2,27.5616394042969,1.00639635242987,426.417924053614
6025,22.7818129016507,31.8590725806452,16.882212018447,408.906129032258,181,3.82202666091335e-05,0.000261098893543521,0,23.197894015217,42643.5395060741,447.236270074662,2,27.3204427411479,0.849369923494035,477.126792755411
6056,22.6125741958618,32.3178249359131,18.0951984930653,407.175,212,2.02193298182488e-05,0.000269802189994972,0,22.5200042997088,42636.5990642734,528.572124239076,2,27.4651995658875,0.930679757730104,457.965516535046
6087,23.502684211731,32.345101928711,19.800184746212,405.1921875,243,3.00200278774829e-05,0.000269802189994972,0,23.2982169832503,42798.9046728006,736.413329493542,2,27.923893070221,1.38858970929869,702.172260710592
6117,23.5168356618574,33.3899553852697,20.240686524904,403.426774193548,273,3.07606123722242e-05,0.000261098893543521,0,23.4507181334606,43054.3683484703,760.002133289706,2,28.4533955235635,1.57514351870744,763.115622898313
6148,23.7066627502442,33.1896224975586,20.2646910990946,403.621875,304,1.89173213915633e-05,0.000269802189994972,0,23.6772064753941,43336.4445042425,819.412624153924,2,28.4481426239014,1.45447546278592,790.081757762654
6178,23.7253002535912,33.3051903509325,18.8256901644038,405.071935483871,334,1.53583083382738e-05,0.000261098893543521,0,23.7141774636077,43594.024850437,771.1978342374,2,28.5152453022619,1.32835227551479,788.145016696442
6209,22.5652280807495,31.8019233703614,17.4819576789846,406.7571875,365,9.30006473771646e-05,0.000269802189994972,0,23.0959413437616,43759.0855600724,725.824753050537,2,27.1835757255554,1.1915383272426,859.313972055699
